180584656;Combo 2Q: Clean code – Mã Sạch Và Con Đường Trở Thành Lập Trình Viên Giỏi + Hello Các Bạn Mình Là Tôi Đi Code Dạo;;available;510500;0;510500;0;5.0;9;{'text': 'Đã bán 39', 'value': 39};sach_it;
179166553;Sách - Hello Các Bạn Mình Là Tôi Đi Code Dạo 1980Books;Phạm Huy Hoàng;available;151500;0;151500;0;5.0;1;{'text': 'Đã bán 3', 'value': 3};sach_it;Bìa mềm
173156781;Combo Sách Thành thạo Tin học văn phòng ;;available;308000;48000;260000;16;5.0;47;{'text': 'Đã bán 192', 'value': 192};sach_it;Bìa mềm
37667006;Combo Giáo Trình Kỹ Thuật Lập Trình C Căn Bản Và Nâng Cao + Giáo Trình C++ Và Lập Trình Hướng Đối Tượng (2 quyển);.;available;280000;104100;175900;37;4.8;460;{'text': 'Đã bán 1582', 'value': 1582};sach_it;Bìa mềm
77281352;Lời giải bài tập Python cơ bản;Bùi Việt Hà;available;75000;0;75000;0;4.7;234;{'text': 'Đã bán 1079', 'value': 1079};sach_it;Bìa mềm
181997205;Nhập môn thuật toán; Bùi Việt Hà;available;215000;0;215000;0;5.0;17;{'text': 'Đã bán 91', 'value': 91};sach_it;Bìa mềm
1664525;Giáo Trình Kỹ Thuật Lập Trình C Căn Bản Và Nâng Cao;.;available;135000;49800;85200;37;5.0;49;{'text': 'Đã bán 444', 'value': 444};sach_it;Bìa mềm
179166553;Sách - Hello Các Bạn Mình Là Tôi Đi Code Dạo 1980Books;Phạm Huy Hoàng;available;189000;75600;113400;40;4.6;14;{'text': 'Đã bán 84', 'value': 84};sach_it;Bìa mềm
189765038;Python lập trình thuật toán; Bùi Việt Hà;available;95000;0;95000;0;5.0;12;{'text': 'Đã bán 92', 'value': 92};sach_it;Bìa mềm
55582071;Thực Hành Microsoft Word - Excel - PowerPoint 2016 Bằng Các Tuyệt Chiêu (Sách kèm theo CD Bài tập) (Tái bản năm 2020);.;available;79000;9000;70000;11;4.6;138;{'text': 'Đã bán 710', 'value': 710};sach_it;Bìa mềm
157540510;Sách Luyện Thi Tin Học Trẻ Với Python (Bảng B: Thi Kỹ Năng Lập Trình Cấp Trung Học Cơ Sở);nhieu tac gia;available;200000;10000;190000;5;5.0;31;{'text': 'Đã bán 120', 'value': 120};sach_it;Bìa mềm
176726755;SÁNG TẠO TRONG THUẬT TOÁN VÀ LẬP TRÌNH VỚI PYTHON;;available;140000;30000;110000;21;4.8;6;{'text': 'Đã bán 23', 'value': 23};sach_it;
162548537;Python Dành Cho Người Bắt Đầu;;available;136500;0;136500;0;4.5;10;{'text': 'Đã bán 54', 'value': 54};sach_it;Bìa mềm
25202283;Sách Lập trình với Scratch 3 (Dành cho học sinh 8-14 tuổi);Nguyễn Hữu Hưng (chủ biên);available;200000;0;200000;0;4.7;95;{'text': 'Đã bán 790', 'value': 790};sach_it;Bìa mềm
82862466;Bài Tập Lập Trình Cơ Bản Với Ngôn Ngữ Python;;available;120000;24000;96000;20;5.0;60;{'text': 'Đã bán 254', 'value': 254};sach_it;Bìa mềm
58723518;Excel Dành Cho Người Tự Học;Phạm Phương Hoa;available;172000;38000;134000;22;4.8;30;{'text': 'Đã bán 130', 'value': 130};sach_it;Bìa mềm
37667006;Combo Giáo Trình Kỹ Thuật Lập Trình C Căn Bản Và Nâng Cao + Giáo Trình C++ Và Lập Trình Hướng Đối Tượng (2 quyển);.;available;250500;0;250500;0;5.0;62;{'text': 'Đã bán 227', 'value': 227};sach_it;Bìa mềm
1664525;Giáo Trình Kỹ Thuật Lập Trình C Căn Bản Và Nâng Cao;.;available;135000;0;135000;0;4.6;19;{'text': 'Đã bán 66', 'value': 66};sach_it;Bìa mềm
52317345;Sự Thật Về Cuộc Sống Và Con Đường Trở Thành “Tin Tặc” Của Những Con Người Đã Thay Đổi Lịch Sử Phát Triển Của Ngành Công Nghệ: Hacker Lược Sử;Steven Levy;available;299000;104650;194350;35;5.0;5;{'text': 'Đã bán 15', 'value': 15};sach_it;
171259791;Sách Thành thạo Soạn thảo Văn bản Word: Mẹo và các lỗi thường gặp;;available;159000;0;159000;0;4.8;11;{'text': 'Đã bán 44', 'value': 44};sach_it;Bìa mềm
134526284;Hướng Dẫn Sử Dụng Microsoft Office Tự Học Nhanh Word- Excel;Phạm Quang Hiển;available;188000;37600;150400;20;4.7;20;{'text': 'Đã bán 98', 'value': 98};sach_it;Bìa mềm
67349493;Excel Nâng Cao Và Các Ứng Dụng Trong Xây Dựng;Nguyễn Thanh An;available;189000;0;189000;0;5.0;3;{'text': 'Đã bán 8', 'value': 8};sach_it;Bìa mềm
54389409;Giáo Trình Vi Điều Khiển ARM. Hướng Dẫn Sử Dụng STM32;.;available;150000;30000;120000;20;4.8;16;{'text': 'Đã bán 60', 'value': 60};sach_it;Bìa mềm
112109886;Giáo Trình Excel Nâng Cao VBA Và Excel Dành Cho Người Tự Học Dùng Cho Phiên Bản 2021-2019-2016;Nguyễn Quốc Huy;available;198000;47000;151000;24;4.8;16;{'text': 'Đã bán 73', 'value': 73};sach_it;Bìa mềm
71125433;KÝ SỰ BrSE - NHỮNG NẺO ĐƯỜNG NGHỀ BrSE (Triệu Anh Tuấn + Nguyễn Văn Trọng);;available;168000;26880;141120;16;0.0;0;;sach_it;Bìa mềm
151950560;Em Học Python - Sách Hướng Dẫn Vui Học Lập Trình;;available;180000;48600;131400;27;5.0;10;{'text': 'Đã bán 56', 'value': 56};sach_it;
90115469;Tuyển tập đề thi Scratch trong Hội thi Tin học trẻ;Bùi Việt Hà;available;250000;0;250000;0;5.0;22;{'text': 'Đã bán 118', 'value': 118};sach_it;Bìa mềm
58708783;Chinh Phục Các Dạng Toán Thực Tế THCS Với Máy Tính Casio FX - 580 VN X / CASIO FX - 570 VN PLUS;.;available;180000;36000;144000;20;4.6;26;{'text': 'Đã bán 76', 'value': 76};sach_it;
98072790;Combo 2 sách Lập trình với Scratch 3 và Bài tập Nâng cao Scratch 3;Nguyễn Hữu Hưng;available;400000;40000;360000;10;5.0;13;{'text': 'Đã bán 82', 'value': 82};sach_it;Bìa mềm
55025250;Tự học lập trình Scratch;Bùi Việt Hà;available;220000;0;220000;0;4.5;45;{'text': 'Đã bán 255', 'value': 255};sach_it;Bìa gập
186235687;Trí Tuệ Nhân Tạo Học Máy Và Ứng Dụng;;available;158000;0;158000;0;4.8;4;{'text': 'Đã bán 23', 'value': 23};sach_it;Bìa mềm
55054903;Giáo Trình Thực Hành Kiểm Thử Phần Mềm - Từng Bước Trở Thành Tester Chuyên Nghiệp;Phạm Quang Hiển;available;96000;0;96000;0;5.0;6;{'text': 'Đã bán 32', 'value': 32};sach_it;Bìa mềm
58709179;Sách Giải Nhanh Bài Thi Trắc Nghiệm Môn Toán Với Sự Hỗ Trợ Của Máy Tính Casio Fx - 580 VN X;Bitex;available;150000;15000;135000;10;4.7;80;{'text': 'Đã bán 278', 'value': 278};sach_it;
184217117;Sách Lập Trình Với Python;Nguyễn Hữu Hưng (chủ biên);available;250000;12500;237500;5;5.0;4;{'text': 'Đã bán 20', 'value': 20};sach_it;Bìa mềm
146274085;Hướng Dẫn Sử Dụng Microsoft Office - Tự Học Nhanh Word-Excel - Dùng Cho Các Phiên Bản 2021-2019-2016;Phạm Quang Hiển;available;188000;50760;137240;27;5.0;6;{'text': 'Đã bán 30', 'value': 30};sach_it;
165704739;Lập Trình Ứng Dụng - Excel Nâng Cao - Lập Trình VBA Trong Excel ( Tặng Kèm Sổ Tay);Phạm Quang Huấn;available;192000;38400;153600;20;4.8;6;{'text': 'Đã bán 42', 'value': 42};sach_it;Bìa mềm
74622906;Hướng dẫn học CCNA;;available;290000;0;290000;0;5.0;15;{'text': 'Đã bán 72', 'value': 72};sach_it;
100568706;Bài tập lập trình cơ bản với ngôn ngữ;Trần Thông Quế;available;96000;0;96000;0;4.1;14;{'text': 'Đã bán 69', 'value': 69};sach_it;Bìa mềm
111189732;Giáo Trình Ngôn Ngữ Lập Trình C++;;available;108000;0;108000;0;5.0;22;{'text': 'Đã bán 92', 'value': 92};sach_it;Bìa mềm
50490149;Revit Toàn Tập (Lý Thuyết-Thực Hành);Phạm Quang Huy;available;136500;0;136500;0;4.3;4;{'text': 'Đã bán 19', 'value': 19};sach_it;Bìa mềm
54389411;Làm Phim Với Premiere Pro CC;.;available;172000;40000;132000;23;4.8;16;{'text': 'Đã bán 53', 'value': 53};sach_it;Bìa mềm
55695623;Sách Luyện thi hội thi tin học trẻ với Scratch 3 dành cho cấp Tiểu học;Nguyễn Hữu Hưng (chủ biên);available;200000;0;200000;0;4.8;51;{'text': 'Đã bán 299', 'value': 299};sach_it;Bìa mềm
173562980;Sách sổ tay khoa học máy tính và mã hóa;nhieu tac gia;available;495000;172000;323000;35;5.0;2;{'text': 'Đã bán 12', 'value': 12};sach_it;Bìa cứng
66952508;Giáo Trình Xử Lý Ảnh Photoshop CC;Pham Quang Huy;available;154000;36000;118000;23;4.6;16;{'text': 'Đã bán 65', 'value': 65};sach_it;Bìa mềm
48753629;Hướng Dẫn Sử Dụng Máy Tính Khoa Học Casio Fx - 580 Vn X Trong Chương Trình Phổ Thông;Bitex;available;120000;24000;96000;20;4.8;41;{'text': 'Đã bán 172', 'value': 172};sach_it;
103294150;An Ninh Mạng Trong Cuộc Cách Mạng Công Nghiệp 4.0;;available;131750;0;131750;0;4.5;9;{'text': 'Đã bán 32', 'value': 32};sach_it;Bìa mềm
75615223;Giáo Trình Coreldraw X7, X8, X9 Và 2020;Phạm Quang Hiển;available;148000;35000;113000;24;5.0;8;{'text': 'Đã bán 40', 'value': 40};sach_it;Bìa mềm
19346989;Lập Trình Hệ Thống Nhúng Với RASPBERRY;Nguyễn Tất Bảo Thiện;available;158000;35000;123000;22;5.0;7;{'text': 'Đã bán 26', 'value': 26};sach_it;Bìa mềm
71125433;KÝ SỰ BrSE - NHỮNG NẺO ĐƯỜNG NGHỀ BrSE (Triệu Anh Tuấn + Nguyễn Văn Trọng);;available;168000;0;168000;0;0.0;0;{'text': 'Đã bán 1', 'value': 1};sach_it;Bìa mềm
134285620;Sách Thành thạo các hàm Excel phổ biến nhất;;available;148000;0;148000;0;5.0;73;{'text': 'Đã bán 334', 'value': 334};sach_it;Bìa mềm
1664525;Giáo Trình Kỹ Thuật Lập Trình C Căn Bản Và Nâng Cao;.;available;135000;0;135000;0;4.6;19;{'text': 'Đã bán 66', 'value': 66};sach_it;Bìa mềm
52317351;Cuộc Rượt Đuổi Ngoạn Mục Trong Mê Lộ Máy Tính: Gián Điệp Mạng;Clifford Stoll;available;229000;80150;148850;35;5.0;1;{'text': 'Đã bán 9', 'value': 9};sach_it;
54389407;Lập Trình Arduino Với IoT-Hệ Vạn Vật Kết Nối;.;available;145000;34000;111000;23;4.7;6;{'text': 'Đã bán 19', 'value': 19};sach_it;Bìa mềm
77105726;Tự Học Nhanh Microsoft Office-Microsoft Office Dành Cho Người Bắt Đầu;Phạm Quang Huy;available;165000;33000;132000;20;4.8;5;{'text': 'Đã bán 27', 'value': 27};sach_it;Bìa mềm
58723520;Xử Lý Ảnh Với Arduino Và Raspberry;;available;172000;40000;132000;23;5.0;17;{'text': 'Đã bán 45', 'value': 45};sach_it;Bìa mềm
98070576;Sách Bài tập Nâng Cao Scratch 3 - Hành Trang Cho Tương Lai;nhieu tac gia;available;200000;10000;190000;5;5.0;10;{'text': 'Đã bán 60', 'value': 60};sach_it;Bìa mềm
100452271;Tự Học Nhanh Microsoft Office- Visio( Dùng cho các phiên bản 2021-2020-2019-2016);Phạm Quang Hiển;available;170000;40000;130000;24;4.3;3;{'text': 'Đã bán 13', 'value': 13};sach_it;Bìa mềm
48982090;Ứng Dụng Casio Fx - 580Vn X Đối Với Các Môn THPT Lý - Hóa - Sinh;Bitex;available;120000;12000;108000;10;4.8;46;{'text': 'Đã bán 184', 'value': 184};sach_it;
51617979;KiểM Thử PhầN MềM - Từng Bước Trở Thành Tester Chuyên Nghiệp;Nguyễn Thi Kiêm Ái;available;50700;0;50700;0;5.0;3;{'text': 'Đã bán 17', 'value': 17};sach_it;
72027538;Hello World- Làm Người Trong Kỷ Nguyên Máy Móc;Hannah Fry;available;149000;39000;110000;26;4.8;30;{'text': 'Đã bán 138', 'value': 138};sach_it;Bìa mềm
89750284;ĐƯỜNG VÀO LẬP TRÌNH PYTHON 2020;TS Nguyễn Ngọc Giang;available;160000;20800;139200;13;5.0;2;{'text': 'Đã bán 13', 'value': 13};sach_it;Bìa mềm
76266534;Tin học văn phòng quốc tế theo chuẩn ICDL;nhieu tac gia;available;165000;0;165000;0;5.0;2;{'text': 'Đã bán 29', 'value': 29};sach_it;Bìa mềm
148626047;Hệ Thống Thông Minh Cho Y Tế Điện Tử - Công Nghệ Wban, Bảo Mật Và Ứng Dụng;;available;426600;0;426600;0;5.0;1;{'text': 'Đã bán 2', 'value': 2};sach_it;Bìa mềm
74380939;20 bài tập lập trình Scratch.Volume 1;Bùi Việt Hà;available;55000;0;55000;0;4.8;12;{'text': 'Đã bán 95', 'value': 95};sach_it;Bìa mềm
176728449;Combo 2Q: Giáo Trình Kỹ Thuật Lập Trình C Căn Bản Và Nâng Cao + Clean Code - Mã Sạch Và Con Đường Trở Thành Lập Trình Viên Giỏi (Tặng Móc Khóa);;available;450500;0;450500;0;4.0;2;{'text': 'Đã bán 8', 'value': 8};sach_it;
188262191;Combo 2 Quyển Thế Giới Công Nghệ: How Technology Works – Hiểu Hết Về Công Nghệ + Hello Các Bạn Mình Là Tôi Đi Code Dạo;;available;415500;0;415500;0;0.0;0;;sach_it;
52421945;Góc Nhìn Chân Thực Về Cuộc Đời Của Một Trong Những Tội Phạm Mạng Cao Cấp Đầu Tiên Trên Thế Giới: Bóng Ma Trên Mạng;.;available;229000;80150;148850;35;5.0;1;{'text': 'Đã bán 14', 'value': 14};sach_it;
192008292;Combo 2 môn Khóa Ôn Thi chứng chỉ MOS 2016 ;;available;850000;135000;715000;16;5.0;1;{'text': 'Đã bán 8', 'value': 8};sach_it;Bìa mềm
73603942;Giáo Trình Thực Hành CorelDraw X7, X8, X9 Và 2020;Phạm Quang Huy;available;110760;0;110760;0;5.0;5;{'text': 'Đã bán 25', 'value': 25};sach_it;Bìa mềm
168962825;Khóa Ôn thi chứng chỉ MOS Excel 2016 Specialist;;available;349000;0;349000;0;5.0;6;{'text': 'Đã bán 11', 'value': 11};sach_it;Bìa mềm
189533694;Em Học Lập Trình Scratch;Matthew Highland;available;142000;0;142000;0;0.0;0;;sach_it;Bìa mềm
98082563;Combo 2 sách Bài tập nâng cao và Luyện thi tin học trẻ cấp Tiểu học với Scratch 3;nhieu tac gia;available;400000;40000;360000;10;4.8;4;{'text': 'Đã bán 19', 'value': 19};sach_it;Bìa mềm
100446620;25 Bài Thực Hành Photoshop;Phạm Quang Hiển;available;124800;0;124800;0;5.0;2;{'text': 'Đã bán 7', 'value': 7};sach_it;Bìa mềm
27979415;Sáng Tạo Trong Thuật Toán Và Lập Trình - Tập 5;Nguyễn Xuân Huy;available;72250;0;72250;0;5.0;3;{'text': 'Đã bán 12', 'value': 12};sach_it;Bìa mềm
50006794;Lập Trình Điều Khiển Xa Với ESP8266, ESP32 Và Arduino;.;available;150000;35000;115000;23;4.8;4;{'text': 'Đã bán 8', 'value': 8};sach_it;Bìa mềm
168899498;Lập Trình Ứng Dụng - Excel Nâng Cao: Lập Trình VBA Trong Excel Dùng Cho Các Phiên Bản 2021-2019-2016 (Tái Bản Lần 1);Phạm Quang Huấn;available;192000;24960;167040;13;5.0;1;{'text': 'Đã bán 3', 'value': 3};sach_it;
54389395;Stem Với Arduino.Hướng Dẫn Sử Dụng Arduino;.;available;168000;39000;129000;23;5.0;1;{'text': 'Đã bán 1', 'value': 1};sach_it;Bìa mềm
4396853;Hướng Dẫn Lập Trình Quản Lý Với Microsoft Access ;Ths. Huỳnh Tôn Nghĩa;available;126000;6300;119700;5;5.0;11;{'text': 'Đã bán 41', 'value': 41};sach_it;Bìa mềm
177888034;Giáo Trình Thiết Kế Cơ Khí Với SOLIDWORKS Dùng Cho Các Phiên Bản 2019 - 2014;nhieu tac gia;available;140000;0;140000;0;5.0;1;{'text': 'Đã bán 2', 'value': 2};sach_it;
185941103;Combo 2 sách Lập trình với Python cơ bản và nâng cao;Nguyễn Hữu Hưng (chủ biên);available;450000;45000;405000;10;5.0;2;{'text': 'Đã bán 9', 'value': 9};sach_it;Bìa mềm
978016;Ứng Dụng Công Nghệ Thông Tin Và Truyền Thông Trong Đổi Mới Hoạt Động Thư Viện;PGS.TS Vương Toàn;available;60000;0;60000;0;5.0;1;{'text': 'Đã bán 4', 'value': 4};sach_it;Bìa mềm
4071577;Khám Phá Đa Phương Tiện;;available;154800;0;154800;0;4.5;14;{'text': 'Đã bán 114', 'value': 114};sach_it;Bìa mềm
174830760;Tối Ưu Toàn Diện  Website Doanh Nghiệp - Phiên Bản Thứ Hai;;available;175000;16000;159000;9;5.0;1;{'text': 'Đã bán 6', 'value': 6};sach_it;
44944156;Làm chủ bài thi MOS Excel  2016 Specialist;;available;249000;0;249000;0;4.8;19;{'text': 'Đã bán 70', 'value': 70};sach_it;Bìa mềm
108341735;Sách Coding 4 Lập trình với Scratch 3 (Dành cho học sinh lớp 4);Nguyễn Hữu Hưng (chủ biên);available;168000;8400;159600;5;5.0;11;{'text': 'Đã bán 69', 'value': 69};sach_it;Bìa mềm
54389415;Arduino Và Lập Trình IoT;.;available;162000;38000;124000;23;5.0;15;{'text': 'Đã bán 56', 'value': 56};sach_it;Bìa mềm
31265956;CCNA Sec Labpro;;available;200000;0;200000;0;5.0;14;{'text': 'Đã bán 57', 'value': 57};sach_it;
49895269;Excel  Dành Cho Người Bắt Đầu;Phạm Quang Hiển;available;156000;37000;119000;24;5.0;1;{'text': 'Đã bán 14', 'value': 14};sach_it;Bìa mềm
3738989;Sáng Tạo Trong Thuật Toán Và Lập Trình (Tập 4);;available;72250;0;72250;0;5.0;5;{'text': 'Đã bán 12', 'value': 12};sach_it;Bìa mềm
74815184;Sách Lập trình ứng dụng di động với App Inventor;Nguyễn Hữu Hưng (chủ biên);available;250000;12500;237500;5;5.0;18;{'text': 'Đã bán 107', 'value': 107};sach_it;Bìa mềm
185449486;Copywriter - 5 Bước Sản Xuất Content Chuẩn SEO;Ryan Wakeman;available;139000;51000;88000;37;5.0;2;{'text': 'Đã bán 7', 'value': 7};sach_it;Bìa mềm
112071729;Tin Học Ứng Dụng Lập Trình VBA Trong Excel ( Phần Nâng Cao)  Dùng cho Phiên Bản 2021-2019-2016;Phạm Phương Hoa;available;170000;34000;136000;20;4.6;19;{'text': 'Đã bán 99', 'value': 99};sach_it;Bìa mềm
73346763;CCNA LABPRO TẬP 3;;available;300000;0;300000;0;5.0;4;{'text': 'Đã bán 12', 'value': 12};sach_it;
77105808;Tự Động Hóa Với Hệ Thống Khí Nén;TS. Lê Hiếu Giang;available;124800;0;124800;0;5.0;2;{'text': 'Đã bán 7', 'value': 7};sach_it;Bìa mềm
48018648;Lập Trình Windows Form Và Web Form Với C#;Phạm Quang Hiển;available;150000;35000;115000;23;4.5;2;{'text': 'Đã bán 6', 'value': 6};sach_it;Bìa mềm
162548951;Lập Trình Ứng Dụng - Excel Nâng Cao: Lập Trình VBA Trong Excel Dùng Cho Các Phiên Bản 2021-2019-2016;;available;149000;0;149000;0;5.0;1;{'text': 'Đã bán 6', 'value': 6};sach_it;Bìa mềm
15734786;Lập Trình Với PLC S7 1200 Và S7 1500;PGS TS. Ngô Văn Thuyên;available;98000;0;98000;0;4.8;13;{'text': 'Đã bán 37', 'value': 37};sach_it;Bìa mềm
66952516;Arduino Và Thiết Bị Bay;Phạm Quang Huy - Lê Cảnh Trung;available;172000;40000;132000;23;5.0;1;{'text': 'Đã bán 10', 'value': 10};sach_it;Bìa mềm
75615225;Thiết Kế Kiến Trúc - Render Với Sketchup Và Revit;Phạm Quang Hiển;available;120900;0;120900;0;4.2;6;{'text': 'Đã bán 21', 'value': 21};sach_it;Bìa mềm
165704363;Lập Trình VBA Cho MICROSOFT OFFICE - Dành Cho Các Phiên Bản 2021 -2019 - 2016 Thực Hành Office Với Các Hướng Dẫn Từng Bước ( Tặng Kèm Sổ Tay);Phạm Quang Hiển;available;182000;43000;139000;24;5.0;1;{'text': 'Đã bán 5', 'value': 5};sach_it;Bìa mềm
16680482;C# Dành Cho Người Bắt Đầu;Phạm Quang Huy;available;120000;28000;92000;23;5.0;1;{'text': 'Đã bán 8', 'value': 8};sach_it;Bìa mềm
131093476;Lập Trình Điều Khiển Arduino Từ Cơ Bản Đến Nâng Cao;KS Phạm Quang Huy;available;178000;42000;136000;24;5.0;2;{'text': 'Đã bán 9', 'value': 9};sach_it;Bìa mềm
48018642;Giáo Trình Thực Hành Excel - Dùng Cho Các Phiên Bản 2019-2016-2013;Phạm Quang Huy;available;135000;32000;103000;24;0.0;0;{'text': 'Đã bán 8', 'value': 8};sach_it;Bìa mềm
20029489;Lập Trình Hệ Thống Thương Mại Điện Tử;;available;200000;47000;153000;24;0.0;0;{'text': 'Đã bán 6', 'value': 6};sach_it;Bìa mềm
53904321;Cuốn Sách Hàng Đầu Về Kỹ Thuật Lập Trình  - Giáo Trình Kỹ Thuật Lập Trình C Căn Bản Và Nâng Cao ;;available;107000;0;107000;0;0.0;0;;sach_it;Bìa mềm
98087760;Combo 4 sách học lập trình kéo thả cho học sinh từ 6 - 18 tuổi;nhieu tac gia;available;850000;85000;765000;10;5.0;4;{'text': 'Đã bán 18', 'value': 18};sach_it;Bìa mềm
74380316;Thiết kế phần mềm giáo dục- Volume 1;Bùi Việt Hà;available;70000;0;70000;0;4.6;7;{'text': 'Đã bán 38', 'value': 38};sach_it;Bìa mềm
53977374;Combo Kinh Điển Về Công Nghệ và Thông Tin: Giáo Trình Kỹ Thuật Lập Trình C Căn Bản Và Nâng Cao + Hacker Lược Sử / top những cuốn sách hay xuất sắc;;available;370500;0;370500;0;5.0;5;{'text': 'Đã bán 27', 'value': 27};sach_it;Bìa mềm
4071579;Kiểm Thử Nâng Cao;;available;123300;0;123300;0;4.5;16;{'text': 'Đã bán 85', 'value': 85};sach_it;Bìa mềm
771591;Doanh Nghiệp Và Điện Toán Đám Mây;;available;124000;0;124000;0;4.5;13;{'text': 'Đã bán 212', 'value': 212};sach_it;Bìa mềm
19346987;Giáo Trình Thiết Kế Cơ Khí Với SOLIDWORKS Dùng Cho Các Phiên Bản 2019 - 2014;Phạm Quang Huy;available;140000;33000;107000;24;5.0;2;{'text': 'Đã bán 5', 'value': 5};sach_it;Bìa mềm
75615227;Tự Động Hóa Với Cơ Điện Tử;Phạm Quang Huy;available;185000;43000;142000;23;4.5;2;{'text': 'Đã bán 5', 'value': 5};sach_it;Bìa mềm
179757740;Tin Học Cho Mọi Người - Tự Học Nhanh Excel Bằng Hình Ảnh ( Tặng sổ tay);Phạm Quang Hiển - Trần Tường Thụy;available;156000;37000;119000;24;0.0;0;{'text': 'Đã bán 11', 'value': 11};sach_it;Bìa mềm
2714565;Phát Triển Web Cho Smartphone;Gail Rahn Frederick;available;124000;0;124000;0;4.8;8;{'text': 'Đã bán 164', 'value': 164};sach_it;Bìa mềm
98102737;Combo 3 sách lập trình dành cho học sinh từ 10 tuổi đến 16 tuổi;nhieu tac gia;available;650000;65000;585000;10;5.0;4;{'text': 'Đã bán 21', 'value': 21};sach_it;Bìa mềm
146452699;Công Cụ Hỗ Trợ Dạy Học Online - Kiểm Tra, Đánh Giá Với Quizmaker - Dạy Học Và Hội Thảo Từ Xa Với Zoom Và Google Classroom;Nguyễn Văn Thạo;available;154000;36000;118000;23;5.0;1;{'text': 'Đã bán 3', 'value': 3};sach_it;Bìa mềm
127493794;Sách và khóa học lập trình dành cho học sinh lớp 1 (lập trình STEM JUNIOR);;available;993000;99300;893700;10;0.0;0;;sach_it;Bìa mềm
74979722;Combo 2 sách Lập trình với Scratch 3 và Lập trình với App Inventor;Nguyễn Hữu Hưng (chủ biên);available;450000;45000;405000;10;5.0;1;{'text': 'Đã bán 15', 'value': 15};sach_it;Bìa mềm
354634;Tự Học Nhanh Windows XP;WaterPC;available;32000;9600;22400;30;5.0;3;{'text': 'Đã bán 92', 'value': 92};sach_it;Bìa mềm
23966742;Mạng Truyền Thông Công Nghiệp Scada Lý Thuyết - Thực Hành;TS. Lê Ngọc Bích;available;152000;36000;116000;24;5.0;3;{'text': 'Đã bán 6', 'value': 6};sach_it;Bìa mềm
183891776;Combo 2Q: Clean Code – Mã Sạch Và Con Đường Trở Thành Lập Trình Viên Giỏi + Giáo Trình C++ Và Lập Trình Hướng Đối Tượng;;available;450500;0;450500;0;0.0;0;{'text': 'Đã bán 2', 'value': 2};sach_it;
77105722;Giáo Trình Điện Tử-Transistor Và Ứng Dụng (Tính Toán - Thiết Kế -Ứng Dụng);Lê Hoàng Minh;available;160000;38000;122000;24;5.0;1;{'text': 'Đã bán 5', 'value': 5};sach_it;Bìa mềm
165038791;Trật Nhịp;Lương Anh Đan;available;99000;38135;60865;39;5.0;1;{'text': 'Đã bán 5', 'value': 5};sach_it;Bìa mềm
4548759;CCNP Labpro Route Version 2;Nguyễn Thị Thu Hà;available;150000;0;150000;0;0.0;0;{'text': 'Đã bán 7', 'value': 7};sach_it;Bìa mềm
4087415;CCNP Labpro Route (Tái Bản);Trần Chí Đạt;available;150000;0;150000;0;0.0;0;{'text': 'Đã bán 15', 'value': 15};sach_it;Bìa mềm
58390336;Python cơ bản; Bùi Việt Hà;available;125000;0;125000;0;4.8;791;{'text': 'Đã bán 3609', 'value': 3609};sach_it;Bìa mềm
59469146;Sketchnote - Phương Pháp Ghi Chú Sáng Tạo Bằng Hình Ảnh;Chiêm Tây;available;129000;19350;109650;15;0.0;0;;sach_it;Bìa mềm
105231292;Giáo Trình Excel Nâng Cao - VBA Và Excel Dành Cho Người Tự Học - Dùng Các Phiên Bản 2021-2019-2016; Nguyễn Quốc Huy;available;154440;0;154440;0;4.7;18;{'text': 'Đã bán 78', 'value': 78};sach_it;
76559512;Bài Tập Nhập Môn Lập Trình;;available;79200;0;79200;0;5.0;24;{'text': 'Đã bán 104', 'value': 104};sach_it;Bìa mềm
17495500;Tin Học Văn Phòng - Công Thức và Hàm Excel;VN - Guide;available;48000;7200;40800;15;4.5;29;{'text': 'Đã bán 204', 'value': 204};sach_it;Bìa mềm
192006108; Combo Khóa ôn thi chứng chỉ MOS 3 môn Word, Excel, PowerPoint;;available;1500000;451000;1049000;30;4.8;53;{'text': 'Đã bán 119', 'value': 119};sach_it;Bìa mềm
98080445;Combo 3 sách Lập trình với Scratch 3, Bài tập nâng cao và Luyện thi tin học trẻ cấp Tiểu học;nhieu tac gia;available;600000;60000;540000;10;5.0;22;{'text': 'Đã bán 123', 'value': 123};sach_it;Bìa mềm
162363351;Sách: Sổ Tay Khoa Học Máy Tính Và Mã Hóa ( Sách Tham Khảo THPT );;available;495000;159000;336000;32;5.0;1;{'text': 'Đã bán 8', 'value': 8};sach_it;Bìa cứng
52317347;Công Tác Bảo Mật Cá Nhân Trong Kỷ Nguyên Big Data: Nghệ Thuật Ẩn Mình;Kevin Mitnick;available;229000;80150;148850;35;5.0;3;{'text': 'Đã bán 36', 'value': 36};sach_it;
184106691;SÁNG TẠO TRONG THUẬT TOÁN VÀ LẬP TRÌNH VỚI PYTHON;;available;160000;0;160000;0;5.0;2;{'text': 'Đã bán 6', 'value': 6};sach_it;
168899504;Tin Học Ứng Dụng - Phân Tích Dữ Liệu Và Lập Mô Hình Kinh Doanh Trong Excel;Văn Thị Tư;available;180000;23400;156600;13;0.0;0;{'text': 'Đã bán 3', 'value': 3};sach_it;
168705128;Khóa Ôn thi chứng chỉ MOS Word 2016 Specialist;;available;399000;0;399000;0;5.0;1;{'text': 'Đã bán 3', 'value': 3};sach_it;
177589645;LẬP TRÌNH ỨNG DỤNG - EXCEL NÂNG CAO - LẬP TRÌNH VBA TRONG EXCEL; Phạm Quang Huy;available;192000;0;192000;0;0.0;0;{'text': 'Đã bán 1', 'value': 1};sach_it;
56602526;Thiết Kế Với Solidworks: Lý Thuyết-Thực Hành;Phạm Quang Huy;available;142000;7100;134900;5;4.8;4;{'text': 'Đã bán 18', 'value': 18};sach_it;Bìa mềm
161462956;Sách sổ tay khoa học máy tính và mã hóa (10 - 15 tuổi) Bản tiếng việt;nhieu tac gia;available;594000;244000;350000;41;0.0;0;{'text': 'Đã bán 3', 'value': 3};sach_it;Bìa cứng
168961798;Làm chủ bài thi MOS Word 2016 Specialist;;available;299000;0;299000;0;5.0;1;{'text': 'Đã bán 5', 'value': 5};sach_it;Bìa mềm
508848;Joomla Dành Cho Người Tự Học;Trần Tường Thụy - Phạm Quang Hiển;available;75000;3750;71250;5;0.0;0;{'text': 'Đã bán 3', 'value': 3};sach_it;Bìa mềm
168900747;Python Dành Cho Người Bắt Đầu; Phạm Quang Huy;available;175000;22750;152250;13;0.0;0;{'text': 'Đã bán 3', 'value': 3};sach_it;
111197615;Tính Toán Kỹ Thuật Xây Dựng Trên Excel  (Tái bản);;available;89100;0;89100;0;4.5;2;{'text': 'Đã bán 14', 'value': 14};sach_it;Bìa mềm
23966743;Lập Trình Iot Với Arduino;TS. Lê Mỹ Hà;available;117000;0;117000;0;5.0;2;{'text': 'Đã bán 12', 'value': 12};sach_it;Bìa mềm
190736223;.EM HỌC LẬP TRÌNH PYTHON;;available;134000;0;134000;0;0.0;0;{'text': 'Đã bán 1', 'value': 1};sach_it;
176463350;Khóa Ôn thi chứng chỉ MOS Powerpoint 2016 Specialist;;available;399000;0;399000;0;0.0;0;{'text': 'Đã bán 3', 'value': 3};sach_it;Bìa mềm
119537534;Phát triển kiến thức thông tin cho người dùng ở Việt Nam - Trương Đại Lượng;;available;54400;0;54400;0;5.0;1;{'text': 'Đã bán 11', 'value': 11};sach_it;Bìa mềm
171586343;IC3 GS5 - Các Ứng Dụng Chính (Tái Bản);IIG Việt Nam;available;70000;3500;66500;5;0.0;0;{'text': 'Đã bán 6', 'value': 6};sach_it;
23436448;Học Cách Thiết Kế Slide;Nancy Duarte;available;239000;71700;167300;30;5.0;1;{'text': 'Đã bán 2', 'value': 2};sach_it;
52421945;Góc Nhìn Chân Thực Về Cuộc Đời Của Một Trong Những Tội Phạm Mạng Cao Cấp Đầu Tiên Trên Thế Giới: Bóng Ma Trên Mạng;.;available;229000;80150;148850;35;5.0;1;{'text': 'Đã bán 14', 'value': 14};sach_it;
28052148;CCNP LABPRO ROUTE;;available;160000;0;160000;0;5.0;1;{'text': 'Đã bán 16', 'value': 16};sach_it;
193107716;Clean Code - Mã Sạch Và Con Đường Trở Thành Lập Trình Viên Giỏi (TTT);Robert Cecil Martin;available;386000;57900;328100;15;0.0;0;{'text': 'Đã bán 3', 'value': 3};sach_it;Bìa mềm
179556246;"Tin Học Cho Mọi Người - Tự Học Nhanh Excel Bằng Hình Ảnh (Dùng cho các phiên bản 2021-2019-2016-2013; Hơn 100 câu hỏi thường gặp khi làm việc với Excel; Thực hành excel với các hướng dẫn từng bước)";;available;121680;0;121680;0;0.0;0;{'text': 'Đã bán 6', 'value': 6};sach_it;Bìa mềm
191353902;Em học lập trình Python;;available;169000;67600;101400;40;0.0;0;{'text': 'Đã bán 3', 'value': 3};sach_it;
179135488;Combo sách Lập Trình Hay: Clean Code + Giáo Trình C++ Và Lập Trình Hướng Đối Tượng ( Tặng Kèm Bookmark Happy LIfe);;available;499500;0;499500;0;0.0;0;;sach_it;
94360692;CCNA LABPRO TẬP 2;;available;200000;0;200000;0;4.7;3;{'text': 'Đã bán 7', 'value': 7};sach_it;
146271728;Tin Học Ứng Dụng - Lập Trình VBA Trong Excel (Phần Nâng Cao) - Dùng Cho Phiên Bản 2021-2019-2016;Phạm Phương Hoa;available;170000;30600;139400;18;0.0;0;{'text': 'Đã bán 8', 'value': 8};sach_it;
175445482;Sách sổ tay khoa học máy tính và mật mã, Everything you need to ace computer science and coding;nhieu tac gia;available;495000;145000;350000;29;0.0;0;{'text': 'Đã bán 1', 'value': 1};sach_it;Bìa cứng
165118207;An toàn thông tin;;available;99000;0;99000;0;5.0;1;{'text': 'Đã bán 7', 'value': 7};sach_it;
140843880;Sách Làm chủ bài thi MOS Powerpoint 2016 Specialist;;available;299000;0;299000;0;0.0;0;{'text': 'Đã bán 2', 'value': 2};sach_it;Bìa mềm
177563764;COMBO LÀM PHIM VỚI PREMIERE PRO CC + ADOBE AFTER EFFECT CS5 DÀNH CHO NGƯỜI BẮT ĐẦU CÁC HIỆU ỨNG (BỘ 2 CUỐN);;available;246000;0;246000;0;0.0;0;{'text': 'Đã bán 3', 'value': 3};sach_it;
166084667;Số Ơi, Mở Ra! - Tư Duy Phân Tích Số Liệu Và Thiết Kế Báo Cáo Excel Dashboard Chuyên Nghiệp;Nguyễn Thị Lan Phượng;available;189000;40280;148720;21;4.0;2;{'text': 'Đã bán 12', 'value': 12};sach_it;
177887823;Giáo Trình Thực Hành Photoshop CC-CS6-CS5; Phạm Quang Huy;available;120000;0;120000;0;0.0;0;{'text': 'Đã bán 3', 'value': 3};sach_it;
169377650;Lập Trình VBA Cho Microsoft Office - Dùng Cho Các Phiên Bản 2021-2019-2016 Thực Hành Office Với Các Hướng Dẫn Từng Bước;Phạm Quang Hiển;available;182000;23660;158340;13;0.0;0;;sach_it;
4106563;Giáo Trình Thực Hành Photoshop CC-CS6-CS5;;available;120000;18000;102000;15;4.8;5;{'text': 'Đã bán 30', 'value': 30};sach_it;Bìa mềm
187776452;Em học lập trình Scratch;;available;179000;71600;107400;40;0.0;0;{'text': 'Đã bán 5', 'value': 5};sach_it;
52317351;Cuộc Rượt Đuổi Ngoạn Mục Trong Mê Lộ Máy Tính: Gián Điệp Mạng;Clifford Stoll;available;229000;80150;148850;35;5.0;1;{'text': 'Đã bán 9', 'value': 9};sach_it;
192008292;Combo 2 môn Khóa Ôn Thi chứng chỉ MOS 2016 ;;available;850000;135000;715000;16;5.0;1;{'text': 'Đã bán 8', 'value': 8};sach_it;Bìa mềm
181517153;Giáo Trình Lập Trình Cơ Sở ( TT);TS. Lê Đắc Nhường;available;127000;0;127000;0;0.0;0;{'text': 'Đã bán 1', 'value': 1};sach_it;Bìa mềm
54651086;Combo Sách An Toàn Thông Tin : Bóng Ma Trên Mạng + Hacker Lược Sử;Steven Levy;available;580000;174000;406000;30;5.0;4;{'text': 'Đã bán 8', 'value': 8};sach_it;Bìa mềm
158775297;Lập Trình VBA Cho Microsoft Office Dùng Cho Các Phiên Bản 2021-2019-2016 Thực Hành Office Với Các Hướng Dẫn Từng Bước;;available;141960;0;141960;0;0.0;0;{'text': 'Đã bán 2', 'value': 2};sach_it;Bìa mềm
189633955;COMBO THÀNH THẠO PYTHON TỪ CƠ BẢN ĐẾN NÂNG CAO (BỘ 4 CUỐN);nhieu tac gia;available;657000;0;657000;0;0.0;0;{'text': 'Đã bán 1', 'value': 1};sach_it;Bìa mềm
192883961;GIÁO TRÌNH AUTOCAD - PHẦN CƠ BẢN (Lý Thuyết - Thực hành) (Dùng cho các phiên bản Autocad 2022, 2021);;available;132000;0;132000;0;0.0;0;{'text': 'Đã bán 1', 'value': 1};sach_it;Bìa mềm
188262191;Combo 2 Quyển Thế Giới Công Nghệ: How Technology Works – Hiểu Hết Về Công Nghệ + Hello Các Bạn Mình Là Tôi Đi Code Dạo;;available;415500;0;415500;0;0.0;0;;sach_it;
186236009;Biến Đổi Fourier Trong Xử Lý Tín Hiệu Số;;available;156000;0;156000;0;0.0;0;{'text': 'Đã bán 1', 'value': 1};sach_it;Bìa mềm
173768278;Sách trắng Công nghệ Thông tin và Truyền thông Việt Nam 2021;Bộ Thông Tin và Truyền Thông;available;187000;0;187000;0;0.0;0;{'text': 'Đã bán 1', 'value': 1};sach_it;Bìa mềm
179132491;Combo sách Lập Trình Hay: Clean Code +Giáo Trình Kỹ Thuật Lập Trình C Căn Bản Và Nâng Cao  ( Tặng Kèm Bookmark Happy LIfe);;available;499500;0;499500;0;0.0;0;;sach_it;
186676105;Sách: Sổ Tay Khoa Học Máy Tính Và Mã Hóa ( Sách Tham Khảo THPT );;available;495000;0;495000;0;0.0;0;;sach_it;Bìa cứng
181517183;AutoCAD Cơ Bản Cho Người Mới Bắt Đầu (Dành cho phiên bản AutoCAD 2009 đến 2020) - (XD);Nguyễn Hoành;available;93000;0;93000;0;0.0;0;;sach_it;Bìa mềm
921817;Kĩ Thuật Nhận Dạng;Trần Hoài Linh;available;107100;0;107100;0;4.0;3;{'text': 'Đã bán 11', 'value': 11};sach_it;Bìa mềm
978036;Giáo Trình Hệ Điều Hành Windows Server 2003;Ths. Lê Tự Thanh;available;53000;0;53000;0;0.0;0;{'text': 'Đã bán 1', 'value': 1};sach_it;Bìa mềm
182851073;Tin Học Cho Mọi Người - Tự Học Nhanh Excel Bằng Hình Ảnh;Phạm Quang Hiển;available;135720;0;135720;0;0.0;0;;sach_it;
28044388;CCNP LABPRO SWITCH;;available;200000;0;200000;0;0.0;0;{'text': 'Đã bán 14', 'value': 14};sach_it;
26145056;Lập Trình Và Giám Sát Mạng Truyền Thông Công Nghiệp Scada;.;available;117000;0;117000;0;5.0;1;{'text': 'Đã bán 8', 'value': 8};sach_it;
440931;Tự Học Nhanh Word 2007;Hà Thành - Trí Việt;available;44000;5000;39000;11;5.0;2;{'text': 'Đã bán 3', 'value': 3};sach_it;Bìa mềm
53261220;Cuốn Sách Hướng Dẫn Bạn Phương Pháp Tư Duy Bằng Hình Ảnh Trong Việc Thiết Kế Slide: Học Cách Thiết Kế Slide;;available;239000;47800;191200;20;0.0;0;{'text': 'Đã bán 1', 'value': 1};sach_it;
28055759;CCNA LABPRO VOICE;;available;250000;0;250000;0;5.0;1;{'text': 'Đã bán 5', 'value': 5};sach_it;
187778428;Em học lập trình Coding;;available;129000;38700;90300;30;0.0;0;{'text': 'Đã bán 2', 'value': 2};sach_it;
83857055;Cách Mạng Fintech;;available;189000;0;189000;0;0.0;0;;sach_it;
31375369;CCNP LABPRO ISCW;;available;120000;0;120000;0;0.0;0;{'text': 'Đã bán 5', 'value': 5};sach_it;
177727968;LẬP TRÌNH HỆ THỐNG THƯƠNG MẠI ĐIỆN TỬ;nhieu tac gia;available;200000;0;200000;0;0.0;0;;sach_it;
188259997;Combo 2 Quyển Thế Giới Công Nghệ: How Technology Works – Hiểu Hết Về Công Nghệ + Mở Cửa Tương Lai;;available;416000;0;416000;0;0.0;0;;sach_it;
191081233;SOLIDWORKS TOÀN TẬP (Phần Sơ Cấp);;available;138000;0;138000;0;0.0;0;{'text': 'Đã bán 1', 'value': 1};sach_it;Bìa mềm
177887976;Lập Trình Windows Form Và WebForm Với C#;nhieu tac gia;available;150000;0;150000;0;0.0;0;;sach_it;
177888787;Excel Dành Cho Người Tự Học;nhieu tac gia;available;172000;0;172000;0;0.0;0;{'text': 'Đã bán 1', 'value': 1};sach_it;
186495766;Excel Nâng Cao - Phân Tích Dữ Liệu Và Lập Mô Hình Kinh Doanh Trong Excel;Phạm Quang Hiển;available;151380;0;151380;0;0.0;0;;sach_it;
192908509;Combo 2 cuốn GIÁO TRÌNH AUTOCAD - PHẦN CƠ BẢN + NÂNG CAO (LÝ THUYẾT - THỰC HÀNH) (Dùng cho các phiên bản Autocad 2022-2021);;available;263000;0;263000;0;0.0;0;;sach_it;Bìa mềm
165118384;Quy định về an toàn thông tin;;available;95000;14250;80750;15;0.0;0;;sach_it;
177747019;SOẠN BÀI GIẢNG TƯƠNG TÁC VỚI POWERPOINT VISUAL BASIC (VBA), QUIZ BUILDER, ADOBE FLASH;nhieu tac gia;available;115000;0;115000;0;0.0;0;{'text': 'Đã bán 2', 'value': 2};sach_it;
105231357;Giáo Trình Điện Tử - Linh Kiện Điện Tử Transistor;Nguyễn Văn Phước;available;193000;9650;183350;5;0.0;0;;sach_it;
177891379;Hướng Dẫn Sử Dụng Microsoft Office - Tự Học Nhanh Word - Excel;nhieu tac gia;available;188000;0;188000;0;0.0;0;;sach_it;
194405621;Giáo Trình NGÔN NGỮ LẬP TRÌNH C++;;available;108000;0;108000;0;0.0;0;;sach_it;Bìa mềm
177888588;Tin Học Văn Phòng - Tự Học Excel Bằng Hình Ảnh;nhieu tac gia;available;134000;0;134000;0;0.0;0;;sach_it;
508709;Ứng Dụng Tin Học Triển Khai Hiệu Quả Chương Trình CDIO Và HEEAP (Tập 2);Phan Long - Phạm Quang Huy;available;74000;8000;66000;11;0.0;0;;sach_it;Bìa mềm
188829255;PYTHON DÀNH CHO NGƯỜI BẮT ĐẦU;nhieu tac gia;available;175000;0;175000;0;0.0;0;{'text': 'Đã bán 1', 'value': 1};sach_it;Bìa mềm
186495819;Lập Trình Cơ Bản - Tự Học PYTHON Bằng Hình Ảnh;Nguyễn Quốc Huy;available;158340;0;158340;0;0.0;0;;sach_it;
177891385;Hướng Dẫn Lập Trình Quản Lý Với Microsoft Access;ThS Huỳnh Tôn Nghĩa;available;126000;0;126000;0;0.0;0;;sach_it;
177888023;Hướng Dẫn Sử Dụng Microsoft Office;nhieu tac gia;available;142000;0;142000;0;0.0;0;{'text': 'Đã bán 1', 'value': 1};sach_it;
189533727;Combo Em Học Lập Trình Coding + Em Học Lập Trình Scratch;nhieu tac gia;available;243000;0;243000;0;0.0;0;;sach_it;Bìa mềm
87436938;Thiết Kế Kiến Trúc -Bim Với Autodesk Revit;;available;134160;0;134160;0;3.5;2;{'text': 'Đã bán 10', 'value': 10};sach_it;Bìa mềm
986222;Kỹ Nghệ Phần Mềm;TS. Lê Văn Phùng;available;85000;0;85000;0;0.0;0;{'text': 'Đã bán 1', 'value': 1};sach_it;Bìa mềm
177887735;Giáo Trình Xử Lý Ảnh Photoshop CC;nhieu tac gia;available;154000;0;154000;0;0.0;0;;sach_it;
193910689;Giáo Trình AutoCAD -  Phần Nâng Cao;;available;166000;7000;159000;4;0.0;0;;sach_it;Bìa mềm
106362330;Sách - Slideology: Học cách thiết kế slide;Nancy Duarte;available;239000;47800;191200;20;0.0;0;;sach_it;
77221830;Sách - Bộ Cool Series - Lập trình ngầu hết sảy (tặng kèm bookmark thiết kế);Rob Hansen;available;85000;0;85000;0;0.0;0;;sach_it;
177891348;Tự Học Photoshop CC Toàn Tập; Phạm Quang Huy;available;155000;0;155000;0;0.0;0;;sach_it;
167462175;Cuộc Chiến Không Dây - Thế Giới Trước Sự Thống Trị Của Trung Quốc Đối Với Mạng Di Động 5G;Jonathan Pelson;available;152000;48100;103900;32;0.0;0;;sach_it;
189473454;Em Học Lập Trình Coding;Randy Lynn;available;102000;0;102000;0;0.0;0;;sach_it;Bìa mềm
146271704;Lập Trình Điều Khiển Arduino - Từ Cơ Bản Đến Nâng Cao; KS Phạm Quang Huy;available;178000;8900;169100;5;0.0;0;;sach_it;
177887307;Vi Điều Khiển Và Ứng Dụng - Arduino Dành Cho Người Tự Học;nhieu tac gia;available;140000;0;140000;0;0.0;0;;sach_it;
177887998;Giáo Trình Vi Điều Khiển ARM. Hướng Dẫn Sử Dụng STM32;nhieu tac gia;available;150000;0;150000;0;0.0;0;;sach_it;
184878516;Combo Sách Giáo Trình Kỹ Thuật Lập Trình C Căn Bản Và Nâng Cao + Giáo Trình C++ Và Lập Trình Hướng Đối Tượng (Bộ 2 Cuốn);;available;280000;61600;218400;22;0.0;0;;sach_it;
177610535;MẠNG TRUYỀN THÔNG CÔNG NGHIỆP SCADA LÝ THUYẾT - THỰC HÀNH; Phạm Quang Huy;available;152000;0;152000;0;0.0;0;{'text': 'Đã bán 1', 'value': 1};sach_it;
189538084;Sách - Chuyển Đổi Số Hay Là Chết - Digitize Or Die;;available;198000;29700;168300;15;0.0;0;;sach_it;Bìa mềm
189539612;Cẩm Nang Chuyển Đổi Số - ( VN);Bộ Thông Tin và Truyền Thông;available;65000;9750;55250;15;0.0;0;;sach_it;Bìa mềm
193045299;Em Học Lập Trình Python;Andrience Tacke;available;147030;0;147030;0;0.0;0;;sach_it;
108130544;Stem Với Arduino - Arduino Dành Cho Người Tự Học;KS Phạm Quang Huy;available;170000;8500;161500;5;0.0;0;{'text': 'Đã bán 3', 'value': 3};sach_it;
571073;Học Nhanh Word 2003 & 2007 Dành Cho Mọi Người;Hà Thành - Trí Việt;available;53000;2650;50350;5;3.0;2;{'text': 'Đã bán 3', 'value': 3};sach_it;Bìa mềm
4106363;Lập Trình IOT Với ARDUINO, ESP8266 Và XBEE;;available;150000;22500;127500;15;5.0;1;{'text': 'Đã bán 12', 'value': 12};sach_it;Bìa mềm
105739243;Sách Giới Thiệu Phần Mềm Tự Do;.;available;80000;10000;70000;13;5.0;1;{'text': 'Đã bán 2', 'value': 2};sach_it;Bìa mềm
31367323;CCSP LAPPRO SNAF & SNAA;;available;120000;0;120000;0;5.0;1;{'text': 'Đã bán 6', 'value': 6};sach_it;
177563425;COMBO ARDUINO VÀ LẬP TRÌNH IOT + LẬP TRÌNH ĐIỂU KHIỂN TRÊN ARDUINO CHO HỆ VẠN VẬT KẾT NỐI (IOT) (BỘ 2 CUỐN);;available;337000;0;337000;0;0.0;0;{'text': 'Đã bán 1', 'value': 1};sach_it;
1738407;Khai Thác, Ứng Dụng Adobe Flash Vba Trong Dạy Học Số Và Truyền Thông;Phạm Quang Huy;available;85000;0;85000;0;0.0;0;{'text': 'Đã bán 1', 'value': 1};sach_it;Bìa mềm
31362547;CCSP LABPRO SNRS;;available;140000;0;140000;0;5.0;1;{'text': 'Đã bán 9', 'value': 9};sach_it;
177747921;GIÁO TRÌNH THỰC HÀNH THIẾT KẾ KIẾN TRÚC – REVIT: DÙNG CHO CÁC PHIÊN BẢN 2018 - 2017;nhieu tac gia;available;130000;0;130000;0;0.0;0;;sach_it;
177887027;C# Dành Cho Người Bắt Đầu;nhieu tac gia;available;120000;0;120000;0;0.0;0;;sach_it;
190171302;Python Dành Cho Người Bắt Đầu;Phạm Quang Huy - Lê Cảnh Trung;available;175000;0;175000;0;0.0;0;;sach_it;Bìa mềm
177891352;Làm Phim Với Premiere Pro CC;nhieu tac gia;available;172000;0;172000;0;0.0;0;;sach_it;
189174140;Thương mại điện tử căn bản - ( TT);TS. Trần Thị Thập;available;95000;0;95000;0;0.0;0;;sach_it;Bìa mềm
177747604;AUTOCAD STRUCTURAL DETAILING DÀNH CHO NGƯỜI BẮT ĐẦU (KẾT CẤU THÉP);nhieu tac gia;available;90000;0;90000;0;0.0;0;;sach_it;
177887856;Giáo Trình Điện Tử Thực Hành;nhieu tac gia;available;150000;0;150000;0;0.0;0;;sach_it;
193910695;Giáo Trình AutoCAD -  Phần Cơ Bản;;available;165000;7000;158000;4;0.0;0;;sach_it;Bìa mềm
31371712;CCSP LABPRO – IPS & CSMARS;;available;90000;0;90000;0;5.0;1;{'text': 'Đã bán 5', 'value': 5};sach_it;
137440698;Công Nghệ 3s;;available;69000;0;69000;0;0.0;0;;sach_it;
177887521;Lập Trình Điều Khiển Xa Với ESP8266, ESP32 Và Arduino;nhieu tac gia;available;150000;0;150000;0;0.0;0;;sach_it;
177318532;Tiếp Thị Cho Thế Hệ Z: Khai Thác Lợi Thế Của Thế Hệ Những Người Gây Ảnh Hưởng - Đông Đảo Và Rất Khác Biệt;;available;120000;0;120000;0;0.0;0;;sach_it;
177747879;LẬP TRÌNH IOT VỚI ARDUINO, ESP8266 VÀ XBEE;nhieu tac gia;available;150000;0;150000;0;0.0;0;;sach_it;
128711583;Sách - Sống Theo Phương Thức 80/20 - Living The 80/20 Way;;available;65000;0;65000;0;0.0;0;;sach_it;
177563884;GIÁO TRÌNH CORELDRAW X7, X8, X9 VÀ 2020;;available;148000;0;148000;0;0.0;0;;sach_it;
177601171;LẬP TRÌNH ĐIỀU KHIỂN XA VỚI ESP82266-ESP32 VÀ ARDUINO; Phạm Quang Huy;available;150000;0;150000;0;0.0;0;;sach_it;
190171293;Combo Python Dành Cho Người Bắt Đầu + Lập Trình Cơ Bản - Tự Học PYTHON Bằng Hình Ảnh (Bộ 2 Cuốn); KS Phạm Quang Huy;available;357000;0;357000;0;0.0;0;;sach_it;Bìa mềm
508784;Thực Hành Tính Toán Kết Cấu Với SAP 15;Phạm Quang Hiển - Trần Tường Thụy;available;80000;12800;67200;16;0.0;0;{'text': 'Đã bán 5', 'value': 5};sach_it;Bìa mềm
181473070;Quản Lý Cộng Đồng Trực Tuyến For Dummies;Deborah Ng;available;132000;0;132000;0;0.0;0;;sach_it;Bìa mềm
19346991;Lập Trình Với PLC S7 1500 Và RSLOGIX;Phạm Quang Huy;available;120900;0;120900;0;0.0;0;{'text': 'Đã bán 6', 'value': 6};sach_it;Bìa mềm
188974777;Một Số Giải Pháp Đảm Bảo An Toàn Cho Học Sinh Khi Sử Dụng Internet;;available;50000;7500;42500;15;0.0;0;;sach_it;Bìa mềm
177792706;CREO 2.0 DÀNH CHO NGƯỜI TỰ HỌC;nhieu tac gia;available;92000;0;92000;0;0.0;0;;sach_it;
193045223;Trí Tuệ Nhân Tạo Học Máy Và Ứng Dụng;Nguyễn Quốc Huy;available;160950;0;160950;0;5.0;1;{'text': 'Đã bán 1', 'value': 1};sach_it;
120183480;Sách - Nhẹ bẫng – Sống nhẹ nhàng, lòng nhẹ tênh, đời nhẹ bẫng;;available;135000;20250;114750;15;0.0;0;;sach_it;
113525958;Sách -Thần thoại Hy Lạp - Tập 15:HÀNH TRÌNH TRỞ VỀ CỦA ODYSSEUS;Thomas Bulfinch, Lee Kwangjin, Seo Young;available;51000;0;51000;0;0.0;0;;sach_it;Bìa mềm
188993125;Sổ Tay Phòng Chống Mã Độc Và Tấn Công Mạng Cho Người Dùng Máy Tính;Bộ Thông Tin và Truyền Thông;available;81000;12150;68850;15;0.0;0;;sach_it;Bìa mềm
177887077;Lập Trình Arduino Với IoT-Hệ Vạn Vật Kết Nối;nhieu tac gia;available;145000;0;145000;0;0.0;0;;sach_it;
189264017;LẬP TRÌNH CƠ BẢN - TỰ HỌC PYTHON BẰNG HÌNH ẢNH; Nguyễn Quốc Huy;available;182000;0;182000;0;0.0;0;;sach_it;Bìa mềm
354637;Tự Học Nhanh Windows Vista;WaterPC;available;36000;1800;34200;5;4.0;1;{'text': 'Đã bán 2', 'value': 2};sach_it;Bìa mềm
177886777;Excel Dành Cho Người Bắt Đầu;nhieu tac gia;available;156000;0;156000;0;0.0;0;;sach_it;
177551971;COMBO GIÁO TRÌNH VI ĐIỀU KHIỂN PIC - LÝ THUYẾT VÀ THỰC HÀNH + VI ĐIỀU KHIỂN VÀ ỨNG DỤNG GIÁO TRÌNH THỰC HÀNH PIC (BỘ 2 CUỐN);;available;224000;0;224000;0;0.0;0;;sach_it;
508860;Giao Diện Người Và Máy Với S7 & Intouch;.;available;74000;11840;62160;16;0.0;0;;sach_it;Bìa mềm
177891367;Arduino Và Lập Trình IoT;nhieu tac gia;available;162000;0;162000;0;0.0;0;;sach_it;
190239223;Chinh Phục Các Dạng Toán Thực Tế THCS - Với Máy Tính FX-580VN X Và FX-570VN PLUS;nhieu tac gia;available;180000;22000;158000;12;0.0;0;;sach_it;Bìa mềm
177550913;TỰ HỌC NHANH MICROSOFT OFFICE - MICROSOFT OFFICE DÀNH CHO NGƯỜI BẮT ĐẦU;;available;165000;0;165000;0;0.0;0;;sach_it;
189179726;Đảm bảo chất lượng dịch vụ IP Internet: Điều kiện giới hạn phân bổ lưu lượng - ( TT);Dương Tuấn Anh;available;60000;0;60000;0;0.0;0;{'text': 'Đã bán 1', 'value': 1};sach_it;Bìa mềm
177564035;THIẾT KẾ KIẾN TRÚC - RENDER VỚI SKETCHUP VÀ REVIT;;available;155000;0;155000;0;0.0;0;;sach_it;
177887263;Vi Điều Khiển Và Ứng Dụng Hướng Dẫn Sử Dụng Arduino ;nhieu tac gia;available;150000;0;150000;0;0.0;0;;sach_it;
177551733;COMBO VI ĐIỀU KHIỂN VÀ ỨNG DỤNG - ARDUINO DÀNH CHO NGƯỜI TỰ HỌC + VI ĐIỀU KHIỂN VÀ ỨNG DỤNG HƯỚNG DẪN SỬ DỤNG ARDUINO (BỘ 2 CUỐN);;available;290000;0;290000;0;0.0;0;;sach_it;
986210;Công Nghệ 4G LTE Và Chiến Lược, Lộ Trình Phát Triển Ở  Việt Nam;PGS. TS. Trần Minh Tuấn;available;85000;0;85000;0;0.0;0;{'text': 'Đã bán 1', 'value': 1};sach_it;Bìa mềm
193953661;Sách - Viết cho PR dành cho những người làm truyền thông chuyên nghiệp;TS. Đinh Thị Thúy Hằng;available;99000;15000;84000;15;0.0;0;;sach_it;Bìa mềm
177886760;Xử Lý Ảnh Với Arduino Và Raspberry;nhieu tac gia;available;172000;0;172000;0;0.0;0;;sach_it;
177266292;21 Bài Học Cho Thế Kỷ 21;;available;209000;20900;188100;10;0.0;0;;sach_it;
189473117;Em Học Lập Trình Scratch;Matthew Highland;available;142000;0;142000;0;0.0;0;;sach_it;Bìa mềm
193410680;Giáo Trình Excel Nâng Cao - VBA Và Excel Dành Cho Người Tự Học - Dùng Các Phiên Bản 2021-2019-2016; Nguyễn Quốc Huy;available;198000;0;198000;0;0.0;0;;sach_it;Bìa mềm
193409589;Lập Trình Điều Khiển Arduino - Từ Cơ Bản Đến Nâng Cao; Phạm Quang Huy;available;178000;0;178000;0;0.0;0;;sach_it;Bìa mềm
177792840;LẬP TRÌNH VỚI PLC S7 1500 VÀ RSLOGIX; Phạm Quang Huy;available;155000;0;155000;0;0.0;0;;sach_it;
190171362;Lập Trình Cơ Bản - Tự Học PYTHON Bằng Hình Ảnh; Nguyễn Quốc Huy;available;182000;0;182000;0;0.0;0;;sach_it;Bìa mềm
177563796;TỰ ĐỘNG HÓA VỚI CƠ ĐIỆN TỬ;;available;185000;0;185000;0;0.0;0;;sach_it;
177747289;KHAI THÁC, ỨNG DỤNG ADOBE FLASH VBA TRONG DẠY HỌC SỐ VÀ TRUYỀN THÔNG;nhieu tac gia;available;105000;0;105000;0;0.0;0;;sach_it;
188769080;Thông Tin Di Động 4G LTE Và 5G;TS. Nguyễn Phạm Anh Dũng;available;268000;40200;227800;15;0.0;0;;sach_it;Bìa mềm
191672407;Em Học Lập Trình Python - 1980 Books;;available;133000;0;133000;0;0.0;0;;sach_it;
177891322;Stem Với Arduino - Hướng Dẫn Sử Dụng Arduino;nhieu tac gia;available;168000;0;168000;0;0.0;0;;sach_it;
188487864;Sách Tự Học Nhanh Microsoft Office - Visio (Dùng Cho Các Phiên Bản 2021-2020-2019-2016);nhieu tac gia;available;170000;0;170000;0;0.0;0;;sach_it;Bìa mềm
193410763;Tự Học Nhanh Microsoft Office - Visio (Dùng Cho Các Phiên Bản 2021-2020-2019-2016); Phạm Quang Hiển;available;170000;0;170000;0;0.0;0;;sach_it;Bìa mềm
193736880;Giáo Trình Autocard - Phần Nâng Cao (Lý Thuyết - Thực Hành); Trần Tường Thụy;available;144420;0;144420;0;0.0;0;;sach_it;
177549295;TỰ ĐỘNG HÓA VỚI HỆ THỐNG KHÍ NÉN;;available;160000;0;160000;0;0.0;0;;sach_it;
193737018;Giáo Trình Autocard - Phần Cơ Bản (Lý Thuyết - Thực Hành); Trần Tường Thụy;available;143550;0;143550;0;0.0;0;;sach_it;
194769303;SÁNG TẠO TRONG THUẬT TOÁN VÀ LẬP TRÌNH VỚI C++ VÀ PYTHON - TẬP 7;;available;135000;0;135000;0;0.0;0;;sach_it;Bìa mềm
193395883;Tin Học Cho Mọi Người - Tự Học Nhanh Excel Bằng Hình Ảnh;;available;156000;0;156000;0;0.0;0;;sach_it;Bìa mềm
193206539;Tin Học Văn Phòng - Công Thức & Hàm Excel;;available;48000;0;48000;0;0.0;0;;sach_it;Bìa mềm
177585166;THIẾT KẾ KIẾN TRÚC VỚI REVIT DÙNG CHO CÁC PHIÊN BẢN 2018 - 2017 - 2016; Phạm Quang Hiển;available;120000;0;120000;0;0.0;0;;sach_it;
193724516;Giáo Trình Kỹ Thuật Lập Trình C Căn Bản Và Nâng Cao;;available;105300;0;105300;0;0.0;0;;sach_it;
193409641;Stem Với Arduino - Arduino Dành Cho Người Tự Học; Phạm Quang Huy;available;170000;0;170000;0;0.0;0;;sach_it;Bìa mềm
193410904;Giáo Trình Thực Hành Coreldraw X7, X8, X9 Và 2020; Phạm Quang Huy;available;142000;0;142000;0;0.0;0;;sach_it;Bìa mềm
193397074;Lập Trình VBA Cho Microsoft Office - Dùng Cho Các Phiên Bản 2021-2019-2016 Thực Hành Office Với Các Hướng Dẫn Từng Bước; Phạm Quang Hiển;available;182000;0;182000;0;0.0;0;;sach_it;Bìa mềm
194130458;Sách: Giáo Trình Kỹ Thuật Lập Trình C Căn Bản Và Nâng Cao;;available;105300;0;105300;0;0.0;0;;sach_it;
