84637400;Combo 4 Cuốn Từ Điển Không Thể Thiếu Dành Cho Học Sinh: Từ Điển Tiếng Việt, Từ Điển Đồng Nghĩa Trái Nghĩa, Từ Điển Từ Láy, Từ Điển Chính Tả;Ngọc Lam;available;260000;80000;180000;31;4.8;30;{'text': 'Đã bán 267', 'value': 267};tu_dien;Bìa mềm
72050476;Từ Điển Tiếng Việt Dành Cho Học Sinh (2020);Viện Hàn Lâm Khoa Học Xã Hội Việt Nam Viện Ngôn Ngữ Học;available;80000;20000;60000;25;4.3;15;{'text': 'Đã bán 80', 'value': 80};tu_dien;
527206;Từ Điển Chính Tả Tiếng Việt Dành Cho Học Sinh;;available;60000;20000;40000;33;4.0;11;{'text': 'Đã bán 51', 'value': 51};tu_dien;Bìa mềm
527230;Từ Điển Từ Láy Dành Cho Học Sinh;;available;60000;20000;40000;33;5.0;3;{'text': 'Đã bán 20', 'value': 20};tu_dien;Bìa mềm
54614791;Từ Điển Tâm Lý - Tính Cách Và Cảm Xúc Đến Từ Đâu ?;Shozo Shibuya;available;128000;38400;89600;30;4.8;417;{'text': 'Đã bán 2558', 'value': 2558};tu_dien;Bìa mềm
138269668;Từ Điển Tiếng Việt (Hoàng Phê)(Tái Bản);GS. Hoàng Phê;available;495000;64000;431000;13;4.8;155;{'text': 'Đã bán 646', 'value': 646};tu_dien;Bìa cứng
11662825;Từ Điển Oxford Anh Việt 350.000 Từ (Hộp Cứng Xanh);The Windy;available;298000;104300;193700;35;5.0;7;{'text': 'Đã bán 32', 'value': 32};tu_dien;Bìa cứng
52709770;Từ điển Anh Việt bìa đỏ cứng Tái bản mới nhất - Sách học từ vựng Tiếng Anh Học nhanh Nhớ lâu  Giấy nhớ PS;.;available;298000;104300;193700;35;5.0;9;{'text': 'Đã bán 75', 'value': 75};tu_dien;
65008052;Từ Điển Anh - Anh - Việt;The Windy;available;298000;104300;193700;35;4.8;62;{'text': 'Đã bán 251', 'value': 251};tu_dien;Bìa cứng
28449505;Từ Điển Oxford Anh - Việt (Hơn 350.000 Từ) (Bìa Mềm Màu Trắng);;available;198000;69300;128700;35;4.8;6;{'text': 'Đã bán 15', 'value': 15};tu_dien;Bìa mềm
133573582;Hán Việt Tự Điển (Vàng);Thiều Chửu;available;175000;52000;123000;30;4.7;30;{'text': 'Đã bán 112', 'value': 112};tu_dien;Bìa cứng
169376042;Từ Điển Tiếng Việt Hoàng Phê (Tái Bản);GS. Hoàng Phê;available;495000;99000;396000;20;5.0;9;{'text': 'Đã bán 57', 'value': 57};tu_dien;
51845894;Từ Điển Anh - Việt 342000 Mục Từ (English - Vietnamese Dictionnary)(New Edition 2020);;available;680000;204000;476000;30;5.0;30;{'text': 'Đã bán 97', 'value': 97};tu_dien;Bìa cứng
475672;Từ Điển Nga - Việt;PGS.Tiến sĩ Nguyễn Trọng Báu;available;165000;19000;146000;12;4.8;44;{'text': 'Đã bán 550', 'value': 550};tu_dien;Bìa cứng
57913615;Từ Điển Anh - Anh - Việt Dành Cho Học Sinh;The Windy;available;159000;55650;103350;35;5.0;1;{'text': 'Đã bán 12', 'value': 12};tu_dien;Bìa mềm
7266513;Từ Điển Việt Anh Trên 135.000 Từ;Trần Mạnh Tường;available;109000;0;109000;0;0.0;0;;tu_dien;Bìa mềm
193213684;ĐẠI TỰ ĐIỂN HÁN VIỆT – HÁN NGỮ CỔ VÀ HIỆN ĐẠI;;available;1950000;284000;1666000;15;0.0;0;;tu_dien;Bìa cứng
527204;Từ Điển Việt Anh;;available;45000;5000;40000;11;5.0;2;{'text': 'Đã bán 10', 'value': 10};tu_dien;Bìa mềm
29290826;Từ Điển Thuật Ngữ Ngoại Thương Hán-Việt;Lê Khắc Kiều Lục;available;195000;0;195000;0;0.0;0;{'text': 'Đã bán 3', 'value': 3};tu_dien;Bìa cứng
125528589;Tự Điển Chữ Nôm Dẫn Giải - Gồm 2 Tập (Tập 1 + Tập 2)(Tái Bản);Nguyễn Quang Hồng;available;1650000;330000;1320000;20;5.0;3;{'text': 'Đã bán 14', 'value': 14};tu_dien;Bìa cứng
4795135;Từ Điển Triết Học Habermas;Andrew Edgar;available;108000;32000;76000;30;5.0;9;{'text': 'Đã bán 48', 'value': 48};tu_dien;Bìa mềm
29284650;Từ Điển Thành Ngữ Tiếng Việt;Bích Hằng;available;60000;18000;42000;30;5.0;20;{'text': 'Đã bán 69', 'value': 69};tu_dien;Bìa mềm
118719969;Tam Tự Kinh ( Trình Bày: Việt - Hán - Nôm );Đoàn Trung Còn;available;30000;0;30000;0;4.8;5;{'text': 'Đã bán 35', 'value': 35};tu_dien;Bìa mềm
92144873;Hán Việt Từ Điển - Đào Duy Anh;Đào Duy Anh;available;368000;0;368000;0;4.6;10;{'text': 'Đã bán 56', 'value': 56};tu_dien;Bìa cứng
57318113;Từ Điển Chính Tả Tiếng Việt ( Tác Phẩm Được Viện Ngôn Ngữ Học Thẩm Định);Văn Lang Culture Jsc;available;80000;6000;74000;8;4.6;45;{'text': 'Đã bán 200', 'value': 200};tu_dien;Bìa mềm
36460618;Từ Vựng Gốc Hán Trong Tiếng Việt;Lê Đình Khẩn;available;70000;3500;66500;5;4.5;15;{'text': 'Đã bán 49', 'value': 49};tu_dien;Bìa mềm
26099959;Từ Điển Trực Quan Bỏ Túi Anh-Việt;Larousse;available;188000;48880;139120;26;5.0;2;{'text': 'Đã bán 5', 'value': 5};tu_dien;Bìa mềm
138269677;Từ Điển Việt Anh khoảng 75.000 Mục Từ (Tái Bản);Hội Ngôn ngữ học TP. Hồ Chí Minh;available;75000;16900;58100;23;5.0;7;{'text': 'Đã bán 39', 'value': 39};tu_dien;Bìa gập
173763075;Từ Điển Tiếng Việt (Tái Bản) (Viện Hàn Lâm KHXH Việt Nam);Nguyễn Tôn Nhan;available;138000;28000;110000;20;5.0;3;{'text': 'Đã bán 8', 'value': 8};tu_dien;Bìa mềm
135716474;Từ Điển Tiếng Việt - Hoàng Phê ( Ấn Bản 2021 );GS. Hoàng Phê;available;495000;0;495000;0;5.0;44;{'text': 'Đã bán 176', 'value': 176};tu_dien;Bìa cứng
12012418;Đại từ điển Đức Việt ;;available;435000;0;435000;0;4.6;15;{'text': 'Đã bán 106', 'value': 106};tu_dien;Bìa cứng
5569131;Từ Điển Đối Chiếu Thuật Ngữ Ngôn Ngữ Học (Việt - Anh, Anh - Việt);Nguyễn Thiện Giáp;available;95000;33250;61750;35;5.0;19;{'text': 'Đã bán 192', 'value': 192};tu_dien;Bìa mềm
76172058;Combo 4 Quyển Từ Điển Chính Tả + Đồng Âm Tiếng Việt + Từ Láy Tiếng Việt + Từ Điển Đồng Nghĩa - Trái Nghĩa Tiếng Việt ;;available;259000;90650;168350;35;5.0;21;{'text': 'Đã bán 99', 'value': 99};tu_dien;
51618005;Từ Điển Việt Đức;Vĩnh Quyền;available;88000;4400;83600;5;4.3;3;{'text': 'Đã bán 12', 'value': 12};tu_dien;
568424;Từ Điển Đồng Nghĩa - Trái Nghĩa Tiếng Việt;;available;48000;2400;45600;5;4.8;6;{'text': 'Đã bán 42', 'value': 42};tu_dien;
84873171;Từ Điển Đông Y (Hán - Việt - Anh);GS BS Trần Văn Kỳ;available;280000;65000;215000;23;5.0;2;{'text': 'Đã bán 2', 'value': 2};tu_dien;
192208886;Đại Tự Điển Hán Việt - Hán Ngữ Cổ Và Hiện Đại (Bìa Cứng); Trần Văn Chánh;available;1657500;0;1657500;0;5.0;2;{'text': 'Đã bán 7', 'value': 7};tu_dien;Bìa cứng
110354514;TỪ ĐIỂN TIẾNG VIỆT (HOÀNG PHÊ);;available;495000;0;495000;0;5.0;16;{'text': 'Đã bán 94', 'value': 94};tu_dien;
6683787;Từ Điển Nga - Việt (Bỏ Túi);PGS.TS KH Nguyễn Ngọc Hùng;available;96000;0;96000;0;5.0;3;{'text': 'Đã bán 7', 'value': 7};tu_dien;Bìa mềm
85763122;Từ Điển Ngữ Pháp Tiếng Nhật Sơ Cấp;Seiichi Makino;available;195000;58500;136500;30;5.0;36;{'text': 'Đã bán 101', 'value': 101};tu_dien;Bìa mềm
165849814;Từ điển Anh – Anh- Việt (Bìa cứng);;available;298000;104300;193700;35;4.5;2;{'text': 'Đã bán 61', 'value': 61};tu_dien;
20584136;Từ Điển Từ Láy Tiếng Việt (Dành Cho Học Sinh);Bích Hằng;available;50000;15000;35000;30;5.0;8;{'text': 'Đã bán 50', 'value': 50};tu_dien;Bìa mềm
32219191;Từ Điển Đức Việt;Vĩnh Quyền;available;129000;6450;122550;5;2.8;4;{'text': 'Đã bán 50', 'value': 50};tu_dien;
55143490;Sách - Sổ Tay Kiến Thức Tiếng Anh Trung Học Phổ Thông ;;available;47000;0;47000;0;0.0;0;{'text': 'Đã bán 1', 'value': 1};tu_dien;Bìa mềm
165851518;Từ điển Anh – Anh- Việt (bìa mềm);;available;198000;72000;126000;36;4.7;3;{'text': 'Đã bán 22', 'value': 22};tu_dien;
29290784;Từ Điển Hán Việt;Lê Khắc Kiều Lục;available;200000;0;200000;0;4.5;8;{'text': 'Đã bán 44', 'value': 44};tu_dien;Bìa cứng
29290798;Từ Điển Hán Việt;Trương Văn Giới;available;150000;0;150000;0;4.6;32;{'text': 'Đã bán 237', 'value': 237};tu_dien;Bìa cứng
177746985;Từ Điển Anh Việt - Việt Anh (Bìa Cứng) - Tái Bản 02;Trần Mạnh Tường;available;165000;41000;124000;25;5.0;2;{'text': 'Đã bán 4', 'value': 4};tu_dien;Bìa cứng
44812554;Từ Điển Thành Ngữ Anh Mỹ Thông Dụng;Trần Thị Ái Thanh;available;90000;0;90000;0;5.0;1;{'text': 'Đã bán 6', 'value': 6};tu_dien;Bìa mềm
22504233;Từ điển khái niệm ngôn ngữ học;Nguyễn Thiện Giáp;available;240000;0;240000;0;5.0;7;{'text': 'Đã bán 26', 'value': 26};tu_dien;Bìa cứng
146271968;Bộ Tự Điển Chữ Nôm Dẫn Giải (Tập 1 Và Tập 2);Nguyễn Quang Hồng;available;1568000;0;1568000;0;0.0;0;;tu_dien;
55283069;Từ Điển Đức-Việt, Việt-Đức; Như Quỳnh;available;198000;9900;188100;5;4.5;5;{'text': 'Đã bán 21', 'value': 21};tu_dien;
546036;Từ Điển Anh - Việt Dành Cho Học Sinh Trung Học Phổ Thông;Nhóm Biên Soạn Thuận Việt;available;82000;4100;77900;5;5.0;3;{'text': 'Đã bán 6', 'value': 6};tu_dien;Bìa mềm
445635;Từ Điển Nhật - Việt ;Nguyễn Văn Khang;available;160000;8000;152000;5;5.0;4;{'text': 'Đã bán 12', 'value': 12};tu_dien;Bìa mềm
7188041; Từ Điển Tiếng Việt;.;available;380000;0;380000;0;5.0;14;{'text': 'Đã bán 154', 'value': 154};tu_dien;Bìa cứng
98284093;Từ Điển Việt - Hán Hiện Đại - Bỏ Túi;Trương Văn Giới - Lê Khắc Kiều Lục;available;150000;7500;142500;5;0.0;0;{'text': 'Đã bán 1', 'value': 1};tu_dien;
48894308;Từ Điển Anh Việt 200.000 Từ;Thu Lan;available;79000;0;79000;0;0.0;0;;tu_dien;Bìa mềm
49549374;Từ Điển Chủ Điểm Hán Việt Hiện Đại (Tái Bản Lần 2);.;available;136000;0;136000;0;5.0;3;{'text': 'Đã bán 10', 'value': 10};tu_dien;Bìa cứng
87412545;Tự Điển Hán Việt Hán Ngữ Cổ Đại Và Hiện Đại (Tái bản 2021);;available;273000;0;273000;0;5.0;2;{'text': 'Đã bán 11', 'value': 11};tu_dien;
72031972;Từ điển thành ngữ tục ngữ Việt Nam;;available;70000;0;70000;0;4.3;8;{'text': 'Đã bán 47', 'value': 47};tu_dien;
172975933;Từ Điển Anh - Việt (Bìa Cứng Màu Xanh) - TKBooks ;;available;298000;104000;194000;35;0.0;0;{'text': 'Đã bán 1', 'value': 1};tu_dien;
20997366;Từ điển Oxford Anh Việt_bìa cứng xanh( tặng tự hoc 2000 từ vựng tiếng anh theo chủ đề);;available;245000;36400;208600;15;5.0;5;{'text': 'Đã bán 12', 'value': 12};tu_dien;Bìa cứng
2802143;Từ Điển Toán Học Và Tin Học Anh-Việt;Ban Từ điển biên soạn;available;280000;0;280000;0;3.7;3;{'text': 'Đã bán 45', 'value': 45};tu_dien;Bìa mềm
148749461;Từ Điển Việt Anh 165.000 từ (ND);;available;80000;0;80000;0;3.0;1;{'text': 'Đã bán 2', 'value': 2};tu_dien;Bìa mềm
81790995;Từ Điển Bằng Hình Ngành Cơ Khí, Điện Máy Và Vật Liệu Công Trình Anh - Việt - Đức;PONS;available;368000;81000;287000;22;5.0;12;{'text': 'Đã bán 34', 'value': 34};tu_dien;Bìa mềm
26412693;Từ Điển Anh Việt 75000 Mục Từ Và Định Nghĩa (Tái Bản 2019);Minh Tân;available;86000;0;86000;0;0.0;0;{'text': 'Đã bán 3', 'value': 3};tu_dien;Bìa mềm
506647;Từ Điển Hoa - Việt Phân Loại Bằng Hình Gấu Trúc (Tập 2);Nhân Văn Group;available;30000;9000;21000;30;4.5;2;{'text': 'Đã bán 17', 'value': 17};tu_dien;Bìa mềm
76393260;Từ Điển Anh - Việt 80.000 Từ (Tái Bản);Việt Fame;available;85000;15400;69600;18;5.0;3;{'text': 'Đã bán 30', 'value': 30};tu_dien;Bìa mềm
20584138;Từ Điển Đồng Âm Tiếng Việt (Dành Cho Học Sinh);Bích Hằng;available;60000;18000;42000;30;5.0;12;{'text': 'Đã bán 49', 'value': 49};tu_dien;Bìa mềm
6934401;Từ Điển Nhật Việt (Bìa Mềm);Minh Tân (biên soạn);available;70000;0;70000;0;0.0;0;;tu_dien;Bìa mềm
124893038;Sách - Bầy cừu xuất chúng – Lật tẩy khoảng tối của nền giáo dục tinh hoa Mỹ;;available;91999;0;91999;0;4.5;2;{'text': 'Đã bán 2', 'value': 2};tu_dien;
165627381;Từ Điển Việt - Anh Dành Cho Mọi Đối Tượng (150.000 Từ);Hoàng Hữu;available;290000;14500;275500;5;4.5;2;{'text': 'Đã bán 4', 'value': 4};tu_dien;
76172121;Combo 3 Quyển Từ Điển Chính Tả - Đồng Âm Tiếng Việt - Từ Láy Tiếng Việt (Dành Cho Học Sinh);Bích Hằng;available;189000;56700;132300;30;5.0;1;{'text': 'Đã bán 6', 'value': 6};tu_dien;Bìa mềm
859155;Sổ Tay Từ Ngữ Việt Nam;Hoàng Dân;available;110000;38500;71500;35;5.0;5;{'text': 'Đã bán 65', 'value': 65};tu_dien;Bìa mềm
506676;Từ Điển Hoa - Việt Phân Loại Bằng Hình Gấu Trúc (Tập 7);Nhân Văn Group;available;35000;2000;33000;6;4.0;2;{'text': 'Đã bán 12', 'value': 12};tu_dien;Bìa mềm
31970461;Từ Điển Anh - Việt 120.000 Từ;Vĩnh Bá;available;65000;16900;48100;26;0.0;0;{'text': 'Đã bán 1', 'value': 1};tu_dien;Bìa mềm
517542;Từ Điển Tiếng Việt Thông Dụng (Bìa Đỏ);Phạm Lê Liên chủ biên (Nhóm Việt Ngữ);available;220000;77000;143000;35;4.0;1;{'text': 'Đã bán 3', 'value': 3};tu_dien;Bìa cứng
723218;Từ Điển Ngữ Pháp Tiếng Hàn Như Một Ngoại Ngữ;Paik Pong Ja;available;120000;6000;114000;5;4.8;15;{'text': 'Đã bán 42', 'value': 42};tu_dien;Bìa mềm
2939825;Từ Điển Nhật-Việt Việt Nhật;Minh Tân (biên soạn);available;124000;0;124000;0;0.0;0;{'text': 'Đã bán 3', 'value': 3};tu_dien;Bìa mềm
564208;Từ Điển Anh - Anh - Việt (Phiên Bản Đặc Biệt - Dưới Ánh Mặt Trời);The Windy;available;265000;79500;185500;30;5.0;7;{'text': 'Đã bán 34', 'value': 34};tu_dien;Bìa cứng
41647760;Từ Điển Oxford Anh - Anh - Việt Bìa Vàng Cứng (tặng kèm giấy nhớ PS);The Windy;available;214449;122;214327;0;0.0;0;{'text': 'Đã bán 1', 'value': 1};tu_dien;Bìa cứng
98217482;Hải Hà SG - Từ Điển Hán Việt ;Trương Văn Giới - Lê Khắc Kiều Lục;available;200000;40000;160000;20;0.0;0;;tu_dien;
176132383;Từ Điển Việt Hoa (Tái Bản);Xuân Huy;available;98000;14800;83200;15;5.0;1;{'text': 'Đã bán 8', 'value': 8};tu_dien;Bìa mềm
41554627;Từ Điển Oxford Anh - Việt (Hơn 350.000 Từ) (Bìa Mềm Màu Trắng) (Tặng Bookmark độc đáo);;available;198000;59400;138600;30;5.0;1;{'text': 'Đã bán 1', 'value': 1};tu_dien;Bìa mềm
515962;Từ Điển Anh - Việt (The Oxford Concise English Dictionary);The Oxford Concise English Dictionary;available;265000;13250;251750;5;5.0;3;{'text': 'Đã bán 5', 'value': 5};tu_dien;Bìa cứng
527206;Từ Điển Chính Tả Tiếng Việt Dành Cho Học Sinh;;available;60000;20000;40000;33;4.0;11;{'text': 'Đã bán 51', 'value': 51};tu_dien;Bìa mềm
492661;Đại Từ Điển Chữ Nôm (Ấn Bản Mới Nhất);Vũ Văn Kính;available;990000;634000;356000;64;3.7;6;{'text': 'Đã bán 206', 'value': 206};tu_dien;Bìa mềm
170095239;Từ Điển Anh - Việt 125.000 từ (TB);Vanlang Culture JSC;available;100000;15100;84900;15;5.0;1;{'text': 'Đã bán 8', 'value': 8};tu_dien;Bìa mềm
33091433;Từ Điển Bách Khoa Việt Nam - Tập 1;Hội Đồng Quốc Gia Chỉ Đạo Biên Soạn Từ Điển Bách Khoa Việt Nam;available;800000;160000;640000;20;5.0;2;{'text': 'Đã bán 3', 'value': 3};tu_dien;Bìa cứng
746910;Từ Điển Việt - Nga;TS.Bùi Hiển;available;420000;42000;378000;10;5.0;1;{'text': 'Đã bán 1', 'value': 1};tu_dien;
104557565;Sách Từ Điển Chính Tả Tiếng Việt - phương nam book;Nguyễn Thế Truyền;available;150000;18000;132000;12;5.0;2;{'text': 'Đã bán 4', 'value': 4};tu_dien;Bìa mềm
50308587;HÁN - VIỆT Từ Điển;Đào Duy Anh;available;480000;72000;408000;15;4.8;4;{'text': 'Đã bán 26', 'value': 26};tu_dien;Bìa cứng
8149216;Từ Điển Đối Chiếu Thuật Ngữ Ngôn Ngữ Học Ngôn Ngữ Học (Việt - Anh - Hàn, Anh - Hàn - Việt, Hàn - Việt - Anh);Nguyễn Thiện Giáp;available;150000;52500;97500;35;5.0;3;{'text': 'Đã bán 46', 'value': 46};tu_dien;Bìa mềm
28449279;Từ Điển Anh - Việt (Bìa Cứng Màu Xanh );;available;298000;104300;193700;35;0.0;0;;tu_dien;Bìa cứng
87978810;Tự Điển Hán Việt Hán Ngữ Cổ Đại Và Hiện Đại (Tái Bản);Trần Văn Chánh;available;350000;24000;326000;7;5.0;17;{'text': 'Đã bán 63', 'value': 63};tu_dien;Bìa cứng
890036;Từ Điển Việt - Anh (Trên 150.000 Từ);Kỳ Duyên;available;280000;56000;224000;20;5.0;3;{'text': 'Đã bán 5', 'value': 5};tu_dien;Bìa cứng
103864684;Từ Điển Việt - Anh 135.000 Từ;Pocket English Vietnamese Dictionary;available;95000;4750;90250;5;4.0;2;{'text': 'Đã bán 3', 'value': 3};tu_dien;
348847;Từ Điển Tranh Về Các Con Vật;.;available;30000;1500;28500;5;5.0;6;{'text': 'Đã bán 84', 'value': 84};tu_dien;Bìa mềm
20584134;Từ Điển Đồng Nghĩa - Trái Nghĩa Tiếng Việt;Bích Hằng;available;70000;21000;49000;30;5.0;9;{'text': 'Đã bán 61', 'value': 61};tu_dien;Bìa mềm
31970469;Từ Điển Anh Việt (150.000 Từ);Vĩnh Bá;available;115000;29900;85100;26;5.0;1;{'text': 'Đã bán 22', 'value': 22};tu_dien;Bìa mềm
506642;Từ Điển Hoa - Việt Phân Loại Bằng Hình Gấu Trúc (Tập 1);Nhân Văn Group;available;35000;8000;27000;23;4.5;2;{'text': 'Đã bán 17', 'value': 17};tu_dien;Bìa mềm
12057544;Từ Điển - Sách Công Cụ Chữ Hán Của Việt Nam Và Trung Quốc;Trần Văn Chánh;available;84000;0;84000;0;5.0;1;{'text': 'Đã bán 1', 'value': 1};tu_dien;Bìa mềm
176522613;Từ Điển Tiếng Việt (Tái Bản 2022);Nguyễn Tôn Nhan;available;138000;6900;131100;5;5.0;1;{'text': 'Đã bán 3', 'value': 3};tu_dien;
63017086;Từ Điển Việt - Hàn;;available;150000;31000;119000;21;1.0;1;{'text': 'Đã bán 2', 'value': 2};tu_dien;Bìa mềm
58755103;Từ Điển Tiếng Việt - Có Chú Ngữ Hán Cho Từ Ngữ Hán Việt;;available;536900;0;536900;0;5.0;19;{'text': 'Đã bán 72', 'value': 72};tu_dien;Bìa cứng
42470148;Từ Điển Anh Việt - Việt Anh (Tái Bản);Trần Mạnh Tường;available;115000;0;115000;0;0.0;0;;tu_dien;
58257132;Tự Học Hán Văn (Tái Bản 2020);Nguyễn Khuê;available;65000;0;65000;0;3.8;4;{'text': 'Đã bán 34', 'value': 34};tu_dien;Bìa mềm
98280808;Từ Điển Hán Việt Hiện Đại - Bỏ Túi -Hải Hà SG;Trương Văn Giới - Lê Khắc Kiều Lục;available;160000;8000;152000;5;5.0;5;{'text': 'Đã bán 10', 'value': 10};tu_dien;Bìa cứng
2802161;Từ Điển Dệt-May Anh-Việt;Ban Từ điển biên soạn;available;160000;0;160000;0;5.0;3;{'text': 'Đã bán 63', 'value': 63};tu_dien;Bìa cứng
115968704;Sách từ điển anh việt - mình hoạ hình ảnh;Nhiều;available;370000;166000;204000;45;5.0;1;{'text': 'Đã bán 2', 'value': 2};tu_dien;Bìa mềm
20584194;Từ Điển Chính Tả (Dành Cho Học Sinh);Bích Hằng;available;79000;23700;55300;30;5.0;5;{'text': 'Đã bán 15', 'value': 15};tu_dien;Bìa mềm
74451325;Từ Điển Anh - Việt 120.000 Từ (2019);Vĩnh Bá;available;72000;3600;68400;5;5.0;1;{'text': 'Đã bán 4', 'value': 4};tu_dien;
125528589;Tự Điển Chữ Nôm Dẫn Giải - Gồm 2 Tập (Tập 1 + Tập 2)(Tái Bản);Nguyễn Quang Hồng;available;1650000;330000;1320000;20;5.0;3;{'text': 'Đã bán 14', 'value': 14};tu_dien;Bìa cứng
55283041;Từ Điển Anh - Việt Trên 135.000 Từ (Tái Bản);Mạnh Tường;available;125000;26500;98500;21;5.0;6;{'text': 'Đã bán 45', 'value': 45};tu_dien;
57913617;Từ Điển Anh - Việt Dành Cho Học Sinh;The Windy;available;159000;60420;98580;38;0.0;0;{'text': 'Đã bán 9', 'value': 9};tu_dien;Bìa mềm
22650063;Từ Điển Oxford Anh - Việt;The Windy;available;198000;43263;154737;22;4.6;9;{'text': 'Đã bán 24', 'value': 24};tu_dien;
53390523;Hán Việt Tự Điển (Bìa Cứng Tái Bản Lần 1-2020);Thiều Chửu;available;200000;40000;160000;20;4.6;5;{'text': 'Đã bán 13', 'value': 13};tu_dien;Bìa cứng
165150435;Từ Điển Hán Việt (Hán Ngữ Cổ Đại Và Hiện Đại) - Tái Bản;Trần Văn Chánh;available;720000;0;720000;0;5.0;1;{'text': 'Đã bán 6', 'value': 6};tu_dien;Bìa cứng
7266509;Từ Điển Nhật - Việt;Nguyễn Văn Khang;available;152000;0;152000;0;5.0;7;{'text': 'Đã bán 29', 'value': 29};tu_dien;Bìa cứng
112350147;Từ Điển Tiếng Việt Dành Cho Học Sinh (Khổ Nhỏ);Thành Yến;available;55000;11000;44000;20;5.0;1;{'text': 'Đã bán 2', 'value': 2};tu_dien;Bìa mềm
29290748;Từ Điển Việt - Hán Hiện Đại;Lê Khắc Kiều Lục;available;145000;0;145000;0;5.0;2;{'text': 'Đã bán 31', 'value': 31};tu_dien;Bìa mềm
437112;Từ Điển Hàn - Việt (Chuyên Ngành Doanh Nghiệp - Kinh Tế - Thương Mại) (Sách Bỏ Túi);Lê Huy Khoa - Lê Hữu Nhân;available;35000;9400;25600;27;4.5;17;{'text': 'Đã bán 267', 'value': 267};tu_dien;Bìa mềm
406755;Từ Điển Oxford Anh - Anh - Việt (Bìa Vàng);;available;219000;0;219000;0;4.0;4;{'text': 'Đã bán 20', 'value': 20};tu_dien;Bìa cứng
19550262;Từ Điển HSK giao tiếp tập 1  (HSK1234) - Phiên bản mới 2019;Nhật Phạm;available;250000;90000;160000;36;5.0;5;{'text': 'Đã bán 24', 'value': 24};tu_dien;Bìa mềm
37751508;Từ Điển Anh - Việt 75.000 Từ;Trivietbooks;available;89000;32500;56500;37;5.0;7;{'text': 'Đã bán 94', 'value': 94};tu_dien;Bìa mềm
169377743;Hán Việt Thành Ngữ Cố Sự;;available;225000;68000;157000;30;0.0;0;{'text': 'Đã bán 3', 'value': 3};tu_dien;
58566236;Từ Điển Tiếng Việt (In lần thứ chín - bổ sung từ mới, nghĩa mới);;available;430000;0;430000;0;4.5;15;{'text': 'Đã bán 48', 'value': 48};tu_dien;Bìa cứng
1466211;Hán Việt Tự Điển (Tái Bản);Thiều Chửu;available;167000;0;167000;0;0.0;0;{'text': 'Đã bán 2', 'value': 2};tu_dien;Bìa cứng
175147113;Từ Điển Anh Việt 340.000 Mục Từ Và Định Nghĩa (Bìa Cứng) - Tái Bản 2;Trần Mạnh Tường;available;165000;43000;122000;26;0.0;0;{'text': 'Đã bán 6', 'value': 6};tu_dien;Bìa cứng
449929;Từ Điển Việt - Nga (Tái Bản 2015);TS. Bùi Hiền;available;165000;8250;156750;5;5.0;4;{'text': 'Đã bán 12', 'value': 12};tu_dien;Bìa mềm
177747015;Từ Điển Nhật Việt - Việt Nhật (Bìa Mềm) - Tái Bản;Minh Tân;available;145000;2000;143000;1;0.0;0;{'text': 'Đã bán 11', 'value': 11};tu_dien;Bìa mềm
177747011;Từ Điển Anh Việt - Việt Anh (Bìa Mềm) - Tái Bản 02;Trần Mạnh Tường;available;145000;39000;106000;27;0.0;0;{'text': 'Đã bán 6', 'value': 6};tu_dien;Bìa mềm
9063774;Từ Điển Hán Việt (tặng kèm 1 bookmark và 1 tẩy con vật);Trương Văn Giới;available;150000;0;150000;0;4.5;15;{'text': 'Đã bán 255', 'value': 255};tu_dien;Bìa cứng
11809453;Từ Điển Tiếng Hàn Qua Tranh - Sách Bài Tập;Kang Hyoun - hwa;available;220000;77000;143000;35;0.0;0;{'text': 'Đã bán 1', 'value': 1};tu_dien;Bìa mềm
138269684;Từ Điển Anh - Việt 75.000 Từ (Tái Bản);Hội Ngôn ngữ học TP. Hồ Chí Minh;available;70000;7500;62500;11;5.0;1;{'text': 'Đã bán 13', 'value': 13};tu_dien;Bìa gập
48492401;2200 Từ vựng tiếng Anh thông dụng nhất;;available;142000;0;142000;0;0.0;0;{'text': 'Đã bán 3', 'value': 3};tu_dien;
12130875;Từ Điển Hán Việt (Bản in lần 8, Bìa Cứng);Trương Văn Giới;available;150000;0;150000;0;4.0;7;{'text': 'Đã bán 145', 'value': 145};tu_dien;Bìa cứng
690005;Từ Điển Nhật Việt;Quỳnh Nga;available;144000;0;144000;0;0.0;0;{'text': 'Đã bán 11', 'value': 11};tu_dien;Bìa cứng
16164225;Từ Điển Oxford Anh - Anh - Việt (Bìa Vàng) Tặng kèm bookmark TH;.;available;235000;0;235000;0;5.0;3;{'text': 'Đã bán 20', 'value': 20};tu_dien;Bìa cứng
91535184;Văn Bia Hán Nôm Thời Mạc - Tư Liệu Và Khảo Cứu;Đinh Khắc Thuân;available;580000;120000;460000;21;0.0;0;;tu_dien;Bìa cứng
44983197;Từ Điển Tiếng Việt Thông Dụng (Bìa Mềm);Thành Yến;available;49900;0;49900;0;0.0;0;;tu_dien;Bìa mềm
515504;Từ Điển Tiếng Việt Thông Dụng;Nhóm Việt Ngữ;available;220000;61599;158401;28;5.0;16;{'text': 'Đã bán 233', 'value': 233};tu_dien;Bìa cứng
21711860;Combo 2 Cuốn: Từ Điển Tiếng Hàn Qua Tranh Và Sách Bài Tập - Từ Điển Tiếng Hàn Qua Tranh (Tặng 45 Cấu Trúc Tiếng Hàn Căn Bản Và Giáo Trình Tiếng Hàn Tổng Hợp) (Học Kèm App: MCBooks Application);Kang Hyoun - hwa;available;350000;0;350000;0;0.0;0;;tu_dien;Bìa mềm
2210799;Từ Điển Hàn - Việt;Ryu Ji Eun;available;47000;0;47000;0;3.0;1;{'text': 'Đã bán 40', 'value': 40};tu_dien;Bìa mềm
29164802;Từ Điển Nhật Việt - Việt Nhật (Tái Bản 2019);Minh Tân;available;106000;0;106000;0;0.0;0;{'text': 'Đã bán 2', 'value': 2};tu_dien;Bìa mềm
175147111;Từ Điển Anh - Việt 340.000 Mục Từ Và Định Nghĩa (Bìa Mềm) - Tái Bản 2;Trần Mạnh Tường;available;145000;37000;108000;26;0.0;0;{'text': 'Đã bán 2', 'value': 2};tu_dien;Bìa mềm
194103343;ĐẠI TỰ ĐIỂN HÁN VIỆT - HÁN NGỮ CỔ VÀ HIỆN ĐẠI;Trần Văn Chánh;available;1950000;0;1950000;0;5.0;1;{'text': 'Đã bán 2', 'value': 2};tu_dien;Bìa cứng
448206;Từ Điển Anh Việt 205.000 Từ;Nhóm Biên Soạn Thuận Việt;available;116000;0;116000;0;0.0;0;{'text': 'Đã bán 22', 'value': 22};tu_dien;Bìa mềm
405792;Từ Điển Anh - Anh - Việt (Bìa Cứng Cam);;available;235000;0;235000;0;0.0;0;{'text': 'Đã bán 9', 'value': 9};tu_dien;Bìa cứng
79539097;Từ Điển Anh-Việt Bằng Hình Dành Cho Nhân Viên Y Tế;PONS;available;268000;69680;198320;26;0.0;0;{'text': 'Đã bán 2', 'value': 2};tu_dien;Bìa mềm
36940939;Từ Điển Anh Việt 300.000 Mục Từ Và Đinh Nghĩa (Bìa Cứng);Minh Tân;available;100000;0;100000;0;0.0;0;{'text': 'Đã bán 3', 'value': 3};tu_dien;Bìa cứng
186880524;Từ Điển Anh - Việt 100.000 từ;Việt Fame;available;135000;31000;104000;23;0.0;0;;tu_dien;Bìa mềm
348215;Từ Điển Tranh Về Rau - Củ - Quả - Hoa;.;available;55000;11000;44000;20;0.0;0;{'text': 'Đã bán 6', 'value': 6};tu_dien;Bìa cứng
2077301;Sổ Tay Hư Từ Tiếng Việt Dành Cho Học Sinh;Nguyễn Thanh Lâm;available;21000;0;21000;0;0.0;0;{'text': 'Đã bán 4', 'value': 4};tu_dien;Bìa mềm
55063786;Từ điển Anh – Anh- Việt ( HƠN 35.000 TỪ ) (bìa trắng xanh) ( BẢN MỚI 2020) KT;The Windy;available;148500;0;148500;0;0.0;0;;tu_dien;Bìa mềm
2210801;Từ Điển Việt - Hàn;Ngân Giang;available;56000;0;56000;0;0.0;0;{'text': 'Đã bán 17', 'value': 17};tu_dien;Bìa mềm
41746258;Từ Điển Tiếng Việt Thông Dụng (Bìa Đỏ) (Tặng Bookmark độc đáo);Phạm Lê Liên chủ biên (Nhóm Việt Ngữ);available;176000;0;176000;0;5.0;1;{'text': 'Đã bán 4', 'value': 4};tu_dien;Bìa mềm
186880510;Từ Điển Anh - Việt 90.000 từ;Việt Fame;available;120000;28300;91700;24;0.0;0;;tu_dien;Bìa mềm
20975114;Từ điển Anh – Việt Bằng Hình: Gia Đình Của Bé;Tịnh Lâm;available;58000;11600;46400;20;5.0;1;{'text': 'Đã bán 5', 'value': 5};tu_dien;Bìa mềm
348219;Từ Điển Tranh Cho Trẻ Em;Ngọc Anh;available;83000;0;83000;0;5.0;1;{'text': 'Đã bán 2', 'value': 2};tu_dien;Bìa cứng
170490624;1000 Từ Anh Việt Đầu Tiên (Tái Bản);Heather Amery;available;95000;22400;72600;24;0.0;0;;tu_dien;Bìa mềm
11659822;Từ Điển Anh - Việt (Hơn 350.000 Từ) - Tái Bản;The Windy;available;158400;0;158400;0;0.0;0;{'text': 'Đã bán 11', 'value': 11};tu_dien;Bìa mềm
26411705;Từ Điển Anh Việt Bằng Hình Ảnh;;available;59000;2950;56050;5;4.5;2;{'text': 'Đã bán 25', 'value': 25};tu_dien;Bìa mềm
406289;Hán Việt Tự Điển;Thiều Chửu;available;138000;0;138000;0;4.0;2;{'text': 'Đã bán 3', 'value': 3};tu_dien;Bìa cứng
36569432;Từ Điển Anh - Việt (Hơn 350.000 Từ) (Tặng kèm Bookmark PL);The Windy;available;198000;59400;138600;30;0.0;0;;tu_dien;Bìa mềm
436988;Từ Điển Lào - Việt;;available;580000;116000;464000;20;0.0;0;{'text': 'Đã bán 1', 'value': 1};tu_dien;Bìa cứng
527204;Từ Điển Việt Anh;;available;45000;5000;40000;11;5.0;2;{'text': 'Đã bán 10', 'value': 10};tu_dien;Bìa mềm
452490;Từ Điển Hàn - Việt (Khoảng 120.000 Mục Từ) - Bìa Cam;Lê Huy Khoa;available;199000;0;199000;0;4.7;15;{'text': 'Đã bán 55', 'value': 55};tu_dien;Bìa cứng
14462529;Từ Điển Chính Tả Tiếng Việt (VL);Văn Lang Culture Jsc;available;65000;3250;61750;5;5.0;2;{'text': 'Đã bán 9', 'value': 9};tu_dien;Bìa mềm
71202384;Từ Điển Tiếng Việt Thông Dụng (Bìa Mềm)(Tái Bản 2020);Thành Yến;available;55000;11000;44000;20;5.0;2;{'text': 'Đã bán 5', 'value': 5};tu_dien;Bìa mềm
130075710;Bài tập bổ trợ Hán ngữ tích hợp Msutong;Trần Thị Thanh Mai;available;139000;42000;97000;30;0.0;0;{'text': 'Đã bán 35', 'value': 35};tu_dien;Bìa mềm
452487;Từ Điển Hàn - Việt (Khoảng 120.000 Mục Từ) - Bìa Đỏ;Lê Huy Khoa;available;180000;0;180000;0;0.0;0;;tu_dien;Bìa cứng
564237;Từ Điển Anh - Anh - Việt (Phiên Bản Đặc Biệt - Phố Cổ Hà Nội);The Windy;available;265000;79500;185500;30;4.1;9;{'text': 'Đã bán 21', 'value': 21};tu_dien;Bìa cứng
55330088;Từ Điển Nhật Việt (Nguyễn Văn Khang-NS Minh Thắng)(Tái Bản);.;available;127000;0;127000;0;0.0;0;;tu_dien;Bìa mềm
406293;Từ Điển Thành Ngữ Và Tục Ngữ Việt Nam;;available;87400;0;87400;0;5.0;1;{'text': 'Đã bán 28', 'value': 28};tu_dien;Bìa cứng
41641376;Từ Điển Oxford Anh Anh Việt 350.000 Từ hộp vàng cứng (Tăng Kèm Thẻ 360 Động Từ Bất Quy Tắc Trong Tiếng Anh﻿);The Windy;available;298000;89400;208600;30;4.3;10;{'text': 'Đã bán 39', 'value': 39};tu_dien;Bìa cứng
162366776;Từ Điển Tiếng Việt (GS. Hoàng Phê Chủ biên) - Giải Thưởng Nhà Nước Về Khoa Học Và Công Nghệ - Ấn Phẩm Mới Nhất 2022;;available;470000;0;470000;0;4.0;1;{'text': 'Đã bán 7', 'value': 7};tu_dien;Bìa cứng
169375460;Từ Điển Hán Việt - Hán Ngữ Cổ Đại Và Hiện Đại (Tái Bản 2022);Trần Văn Chánh;available;790000;102700;687300;13;0.0;0;{'text': 'Đã bán 2', 'value': 2};tu_dien;
556830;Từ Điển Anh - Việt (Hơn 350.000 Từ);The Windy;available;147000;0;147000;0;5.0;1;{'text': 'Đã bán 14', 'value': 14};tu_dien;Bìa mềm
527230;Từ Điển Từ Láy Dành Cho Học Sinh;;available;60000;20000;40000;33;5.0;3;{'text': 'Đã bán 20', 'value': 20};tu_dien;Bìa mềm
193013129;(Bìa cứng, đóng hộp giấy, mạ vàng, 1918 trang) ĐẠI TỰ ĐIỂN HÁN VIỆT – HÁN NGỮ CỔ VÀ HIỆN ĐẠI (Xuất bản lần đầu năm 2022) – Trần Văn Chánh – Công ty sách Thời Đại – NXB Hồng Đức ; Trần Văn Chánh;available;1790000;0;1790000;0;0.0;0;{'text': 'Đã bán 2', 'value': 2};tu_dien;Bìa cứng
2939823;Từ Điển Hán - Việt;Phan Văn Các;available;385000;0;385000;0;0.0;0;{'text': 'Đã bán 1', 'value': 1};tu_dien;Bìa cứng
5869271;Từ Điển Tiếng Việt Của Gs. Nguyễn Lân – Phê Bình Và Khảo Cứu (Tái Bản);Hoàng Tuấn Công;available;290000;24000;266000;8;4.8;22;{'text': 'Đã bán 190', 'value': 190};tu_dien;Bìa mềm
178544688;Từ điển hình ảnh tam ngữ Việt- Nhật- Anh;Nguyễn Văn Ninh;available;300000;0;300000;0;5.0;1;{'text': 'Đã bán 2', 'value': 2};tu_dien;Bìa cứng
778862;Từ Điển Hàn - Việt (Tặng Kèm Cuốn Tập Viết Tiếng Hàn Dành Cho Người Mới Bắt Đầu);Lê Huy Khoa;available;189000;0;189000;0;4.5;4;{'text': 'Đã bán 22', 'value': 22};tu_dien;Bìa cứng
11809451;Từ Điển Tiếng Hàn Qua Tranh;Kang Hyoun - hwa;available;200000;0;200000;0;0.0;0;{'text': 'Đã bán 10', 'value': 10};tu_dien;Bìa mềm
88929175;Từ Điển Tiếng Việt Dành Cho Học Sinh;Thành Yến;available;68000;0;68000;0;5.0;3;{'text': 'Đã bán 9', 'value': 9};tu_dien;Bìa mềm
146274354;Từ Điển Pháp - Việt (Cập Nhật Nhiều Từ Mới);;available;99000;17820;81180;18;5.0;1;{'text': 'Đã bán 12', 'value': 12};tu_dien;
564205;Từ Điển Anh - Anh - Việt (Phiên Bản Đặc Biệt - Múa Dân Gian);The Windy;available;265000;79500;185500;30;4.0;2;{'text': 'Đã bán 4', 'value': 4};tu_dien;Bìa cứng
111498459;NDB - Từ điển Anh - Việt 90.000 Từ ( Mục Từ và Định Nghĩa);;available;120000;0;120000;0;4.5;2;{'text': 'Đã bán 3', 'value': 3};tu_dien;
19761778;Từ Điển Oxford Anh Việt 350.000 Từ (Hộp Cứng Xanh) ( Tăng Kèm Flashcard 360 Động Từ Bất Quy Tắc Trong Tiếng Anh﻿ Từ A - Z );;available;228000;0;228000;0;4.6;17;{'text': 'Đã bán 143', 'value': 143};tu_dien;Bìa cứng
127313986;Bộ 2 Quyển Từ Điển Việt-Hàn , Hàn-Việt;;available;300000;0;300000;0;0.0;0;;tu_dien;
55279127;Từ điển Oxford Anh Anh Việt ( bìa vàng hộp )( tái bản mới nhất 2020 kt);The Wendy;available;298000;89400;208600;30;5.0;3;{'text': 'Đã bán 13', 'value': 13};tu_dien;Bìa cứng
1677931;Từ Điển Văn Học Việt Nam (Từ Nguồn Gốc Đến Hết Thế Kỷ XIX);Lại Nguyên Ân;available;188000;0;188000;0;4.7;3;{'text': 'Đã bán 14', 'value': 14};tu_dien;Bìa mềm
20427032;Hán Việt Tự Điển (Tái Bản);Thiều Chửu;available;159000;0;159000;0;5.0;2;{'text': 'Đã bán 10', 'value': 10};tu_dien;
9059283;Click Tiếng Việt trình độ A T2 + 1 bookmark;GS.TS Đoàn Thiện Thuật;available;108000;0;108000;0;5.0;11;{'text': 'Đã bán 74', 'value': 74};tu_dien;Bìa mềm
1535547;Từ Điển Tiếng Việt (Hoàng Phê);GS. Hoàng Phê;available;495000;0;495000;0;0.0;0;{'text': 'Đã bán 9', 'value': 9};tu_dien;Bìa cứng
69322442;Từ Điển Việt - Anh (269.000 Từ);Quang Hùng;available;84000;4200;79800;5;4.8;13;{'text': 'Đã bán 42', 'value': 42};tu_dien;
48481759;Từ Điển Việt - Hàn;Lê Huy Khoa;available;219000;72270;146730;33;0.0;0;{'text': 'Đã bán 1', 'value': 1};tu_dien;Bìa mềm
9688932;Từ Điển Anh Việt 360.000 Từ;;available;107000;10700;96300;10;5.0;4;{'text': 'Đã bán 14', 'value': 14};tu_dien;Bìa mềm
12744843;Từ Điển Tiếng Việt Thông Dụng (Hoàng Phê);GS. Hoàng Phê;available;224000;0;224000;0;4.1;7;{'text': 'Đã bán 60', 'value': 60};tu_dien;Bìa cứng
51479667;Từ Điển Tài Chính Kế Toán Và Ngân Hàng Anh Việt - Việt Anh;Cung Kim Tiến;available;125000;37500;87500;30;4.3;3;{'text': 'Đã bán 14', 'value': 14};tu_dien;Bìa mềm
106349398;Từ Điển Anh - Việt Bỏ Túi;Nhóm Biên Soạn Thuận Việt;available;99000;4950;94050;5;5.0;2;{'text': 'Đã bán 7', 'value': 7};tu_dien;
172981037;Từ điển Oxford Anh Anh Việt ( Bìa cứng ) - TKBooks ;;available;298000;104300;193700;35;0.0;0;{'text': 'Đã bán 3', 'value': 3};tu_dien;
164943021;Từ Điển Tiếng Việt Thông Dụng (Có chú thông tin từ láy);;available;232400;0;232400;0;0.0;0;{'text': 'Đã bán 4', 'value': 4};tu_dien;Bìa cứng
2802145;Từ Điển Khoa Học Và Công Nghệ Anh Việt;Ban Từ điển biên soạn;available;380000;0;380000;0;2.5;2;{'text': 'Đã bán 11', 'value': 11};tu_dien;Bìa mềm
405788;3000 Từ Vựng Tiếng Anh Thông Dụng Nhất;The Windy;available;58000;0;58000;0;0.0;0;{'text': 'Đã bán 16', 'value': 16};tu_dien;Bìa mềm
55064196;Từ điển Anh – Anh- Việt  (bìa đen) ( BẢN MỚI 2020) KT;The Wendy;available;160500;0;160500;0;0.0;0;{'text': 'Đã bán 2', 'value': 2};tu_dien;Bìa mềm
35178443;Từ điển Anh - Anh - Việt (Bìa Đen);The Windy;available;298000;104000;194000;35;0.0;0;;tu_dien;Bìa mềm
92488258;NDB - Từ điển Tiếng việt thông dụng;;available;60000;0;60000;0;4.8;4;{'text': 'Đã bán 24', 'value': 24};tu_dien;
32647696;Phật Học Từ Điển;Đoàn Trung Còn;available;480000;86400;393600;18;0.0;0;{'text': 'Đã bán 8', 'value': 8};tu_dien;Bìa cứng
37793731;Từ Điển Tiếng Việt;Ngôn ngữ học VN;available;42000;2100;39900;5;3.7;3;{'text': 'Đã bán 24', 'value': 24};tu_dien;
1074864;Từ Điển Y Học Anh - Việt;BS Phạm Ngọc Trí;available;98000;4900;93100;5;5.0;2;{'text': 'Đã bán 12', 'value': 12};tu_dien;Bìa mềm
55084408;Từ điển Anh – Anh- Việt  ( tái bản thay bìa trắng kẻ xanh ) ( BẢN MỚI 2020) KT;The Windy;available;198000;59400;138600;30;5.0;4;{'text': 'Đã bán 11', 'value': 11};tu_dien;Bìa mềm
125640319;Từ Điển Anh Việt 75000 Mục Từ Và Định Nghĩa (Bìa Mềm) (Tái Bản);Minh Tân;available;92000;0;92000;0;0.0;0;{'text': 'Đã bán 1', 'value': 1};tu_dien;Bìa mềm
191144274;Từ Điển Mỹ Học;Nguyễn Văn Dân (Biên soạn);available;399000;91770;307230;23;0.0;0;;tu_dien;Bìa mềm
957836;Từ Điển Usborne Toán Minh Họa (Dùng Cho HS Tiểu Học);Kirsteen Rogers;available;160000;0;160000;0;0.0;0;{'text': 'Đã bán 8', 'value': 8};tu_dien;Bìa mềm
102773595;Từ Điển Đông Y Hán - Việt - Anh;;available;204000;0;204000;0;4.8;5;{'text': 'Đã bán 18', 'value': 18};tu_dien;Bìa cứng
175445811;Sách Richard Scarry's Best Dictionary Ever, Từ điển tiếng anh bằng tranh;;available;275000;155000;120000;56;0.0;0;;tu_dien;
173660362;TỪ ĐIỂN CÁC MẪU CÂU TRONG TIẾNG ANH;nhieu tac gia;available;170000;0;170000;0;0.0;0;;tu_dien;Bìa mềm
81237384;Từ Điển Việt Hoa (Tái Bản);Xuân Huy;available;59000;2950;56050;5;0.0;0;{'text': 'Đã bán 4', 'value': 4};tu_dien;Bìa mềm
92011184;Từ điển Pháp Việt, Việt Pháp bằng tranh;nhieu tac gia;available;50000;10000;40000;20;0.0;0;{'text': 'Đã bán 4', 'value': 4};tu_dien;
105975763;Từ Điển Chủ Điểm Hán Việt Hiện Đại;;available;156000;0;156000;0;0.0;0;{'text': 'Đã bán 1', 'value': 1};tu_dien;Bìa cứng
115867734;Sách từ điển anh việt ricshards scarry minh hoạ bằng hình ảnh -  bìa cứng, in màu;Nhiều;available;275000;149000;126000;54;5.0;1;{'text': 'Đã bán 6', 'value': 6};tu_dien;Bìa cứng
2802157;Từ Điển Toán Học Và Tin Học Việt-Anh;Ban Từ điển biên soạn;available;195000;0;195000;0;4.0;1;{'text': 'Đã bán 21', 'value': 21};tu_dien;Bìa mềm
137864185;Từ Điển Anh - Việt Bằng Hình;;available;68000;0;68000;0;0.0;0;;tu_dien;Bìa cứng
172437125;Từ Điển Anh - Anh - Việt Dành Cho Học Sinh;;available;159000;55650;103350;35;0.0;0;{'text': 'Đã bán 2', 'value': 2};tu_dien;
369191;Từ Điển Việt - Nhật;.;available;99000;4950;94050;5;4.8;5;{'text': 'Đã bán 33', 'value': 33};tu_dien;Bìa mềm
189630829;Bộ Tự điển chữ Nôm dẫn giải;Nguyễn Quang Hồng;available;1320000;277200;1042800;21;0.0;0;;tu_dien;Bìa cứng
14712404;Từ Điển Nhật - Việt ( Tái Bản );Takeuchi Yonosuke;available;68000;3400;64600;5;5.0;1;{'text': 'Đã bán 5', 'value': 5};tu_dien;Bìa mềm
543212;Từ Điển Nhật - Việt, Việt - Nhật (Bìa Cứng);Minh Tân (biên soạn);available;110000;0;110000;0;4.3;3;{'text': 'Đã bán 10', 'value': 10};tu_dien;Bìa cứng
17615877;Từ Điển Thành Ngữ Anh - Việt;Nguyễn Minh Tiến;available;594000;0;594000;0;0.0;0;{'text': 'Đã bán 3', 'value': 3};tu_dien;Bìa cứng
34746374;Từ Điển Y Học (Anh-Việt);Bác sĩ Phạm Ngọc Trí;available;220000;11000;209000;5;5.0;3;{'text': 'Đã bán 44', 'value': 44};tu_dien;
31970495;Từ Điển Thành Ngữ Và Tục Ngữ Việt Nam ;Nguyễn Lân;available;50000;13000;37000;26;0.0;0;;tu_dien;Bìa mềm
31970485;Từ Điển Anh - Việt 20.000 Từ;;available;38000;7600;30400;20;0.0;0;{'text': 'Đã bán 2', 'value': 2};tu_dien;Bìa mềm
9688960;Từ Điển Anh Việt 330.000 Từ;;available;99000;19800;79200;20;3.4;7;{'text': 'Đã bán 18', 'value': 18};tu_dien;Bìa mềm
176803052;Từ Điển Tiếng Việt Hoàng Phê;GS. Hoàng Phê;available;495000;0;495000;0;0.0;0;;tu_dien;Bìa cứng
48894320;Từ Điển Việt Anh Dùng Cho Học Sinh 120.000 Từ;.;available;70000;10500;59500;15;0.0;0;;tu_dien;Bìa mềm
174027082;Từ Điển Hán Việt ( Hán Ngữ Cổ Đại Và Hiện Đại ); Trần Văn Chánh;available;790000;0;790000;0;0.0;0;;tu_dien;Bìa cứng
173447641;TỪ NGỮ GIẢN LƯỢC – Tìm Hiểu Đức Tin – Giáo Lý – Phụng Vụ;;available;75000;0;75000;0;5.0;1;{'text': 'Đã bán 3', 'value': 3};tu_dien;Bìa mềm
132366457;Tiếng Việt Phương Nam;Trần Thị Ngọc Lang;available;85000;21250;63750;25;0.0;0;{'text': 'Đã bán 1', 'value': 1};tu_dien;Bìa mềm
29290826;Từ Điển Thuật Ngữ Ngoại Thương Hán-Việt;Trương Văn Giới;available;196000;0;196000;0;5.0;2;{'text': 'Đã bán 11', 'value': 11};tu_dien;Bìa cứng
435094;Từ Điển Nhật - Việt;Khang Việt;available;65000;8450;56550;13;5.0;1;{'text': 'Đã bán 2', 'value': 2};tu_dien;Bìa mềm
656475;Từ Điển Thành Ngữ Anh - Việt ;TS. Trịnh Thu Hương;available;320000;64000;256000;20;4.2;5;{'text': 'Đã bán 14', 'value': 14};tu_dien;Bìa mềm
44983193;Quạ Học Đòi Chim Ưng (Bìa Mềm);Isabella Camino;available;73789;122;73667;0;0.0;0;{'text': 'Đã bán 1', 'value': 1};tu_dien;Bìa mềm
2909553;Từ Điển Tiếng Việt Thông Dụng Dành Cho Học Sinh;;available;130000;45000;85000;35;0.0;0;;tu_dien;Bìa mềm
111615992;NDB - Từ điển Trung việt;;available;250000;0;250000;0;5.0;1;{'text': 'Đã bán 6', 'value': 6};tu_dien;
755795;Từ Điển Việt - Hàn ;Ryu Ji Eun;available;160000;35200;124800;22;5.0;1;{'text': 'Đã bán 3', 'value': 3};tu_dien;Bìa mềm
172971871;Từ điển Anh – Anh- Việt (bìa mềm) - TKBooks ;;available;198000;75000;123000;38;0.0;0;{'text': 'Đã bán 18', 'value': 18};tu_dien;
1315575;Từ Điển Nhật Việt (Bìa Cứng);Hoàng Anh Thi;available;220000;44000;176000;20;0.0;0;{'text': 'Đã bán 4', 'value': 4};tu_dien;Bìa cứng
2802155;Từ Điển Giải Nghĩa Sinh Học Anh-Việt;Ban Từ điển biên soạn;available;165000;0;165000;0;5.0;2;{'text': 'Đã bán 52', 'value': 52};tu_dien;Bìa mềm
10176100;Đại Tự Điển Chữ Nôm;Vũ Văn Kính;available;495000;0;495000;0;0.0;0;{'text': 'Đã bán 2', 'value': 2};tu_dien;Bìa cứng
67910238;Từ điển Nhật - Việt Bỏ Túi;Hoàng Khang;available;43000;0;43000;0;0.0;0;{'text': 'Đã bán 2', 'value': 2};tu_dien;Bìa mềm
93953323;NDB - Từ điển anh việt 30.000 từ;;available;65000;0;65000;0;0.0;0;{'text': 'Đã bán 13', 'value': 13};tu_dien;
55284383;Từ Điển Anh Việt - Việt Anh;Vĩnh Quyền;available;290000;58000;232000;20;5.0;2;{'text': 'Đã bán 13', 'value': 13};tu_dien;
171545496;Từ Điển Chữ Viết Tắt Quốc Tế và Việt Nam Anh - Pháp - Việt ;Lê Nhân Đàm - Hà Đăng Tín;available;190000;0;190000;0;0.0;0;;tu_dien;Bìa mềm
165627299;Ngôn Ngữ Việt Nam - Từ Điển Tiếng Việt;nhieu tac gia;available;320000;41600;278400;13;0.0;0;;tu_dien;
72680906;Từ Điển Anh - Việt ( Kèm Hình Ảnh Minh Họa );.;available;365000;0;365000;0;0.0;0;{'text': 'Đã bán 1', 'value': 1};tu_dien;
172368834;Từ điển Anh – Việt dành cho học sinh;;available;159000;55650;103350;35;0.0;0;{'text': 'Đã bán 4', 'value': 4};tu_dien;
32583287;Từ Điển Anh - Việt 95.000 Từ;Vĩnh Bá;available;59000;11800;47200;20;0.0;0;{'text': 'Đã bán 2', 'value': 2};tu_dien;Bìa mềm
4939495;Từ Điển Việt – Hàn (Tái Bản 2018);Lê Huy Khoa – Lê Hữu Nhân;available;80000;16000;64000;20;5.0;1;{'text': 'Đã bán 3', 'value': 3};tu_dien;Bìa mềm
104013252;Từ Điển Hán Việt Cho Người Mới Học;Trương Văn Giới - Lê Khắc Kiều Lục;available;30000;3000;27000;10;5.0;3;{'text': 'Đã bán 6', 'value': 6};tu_dien;Bìa mềm
1074870;Từ Điển Hoa - Việt;Vĩnh Quyền;available;78000;15600;62400;20;5.0;1;{'text': 'Đã bán 2', 'value': 2};tu_dien;Bìa mềm
29290796;Từ Điển Hán - Việt Cho Người Mới Học;.;available;24600;0;24600;0;0.0;0;{'text': 'Đã bán 1', 'value': 1};tu_dien;Bìa cứng
405439;Từ Điển Nhật Việt - Việt Nhật;Minh Tân;available;109000;0;109000;0;0.0;0;{'text': 'Đã bán 2', 'value': 2};tu_dien;Bìa cứng
178769457;Từ điển Tiếng Việt (Tái bản 2022);nhieu tac gia;available;138000;20700;117300;15;0.0;0;{'text': 'Đã bán 1', 'value': 1};tu_dien;Bìa mềm
84932900;Từ Điển Hán Việt Hiện Đại;;available;85000;12750;72250;15;5.0;1;{'text': 'Đã bán 1', 'value': 1};tu_dien;
1074866;Từ Điển Hoa - Việt, Việt - Hoa;Vĩnh Quyền;available;128000;6400;121600;5;5.0;1;{'text': 'Đã bán 9', 'value': 9};tu_dien;Bìa mềm
114944766;Sách: Từ Điển Tranh Về Rau - Củ , Quả, Hoa B85 ( bìa cứng ) - TSMN;;available;67000;0;67000;0;5.0;1;{'text': 'Đã bán 1', 'value': 1};tu_dien;
55084703;Từ điển Oxford Anh Anh Việt ( bìa đỏ hộp )( tái bản mới nhất  2020 kt);.;available;223500;0;223500;0;0.0;0;;tu_dien;Bìa cứng
29284642;Từ Điển Y học Anh Việt - Việt Anh;Cung Kim Tiến;available;123000;36900;86100;30;0.0;0;{'text': 'Đã bán 3', 'value': 3};tu_dien;Bìa mềm
479266;Từ Điển Anh - Việt Dành Cho Học Sinh (25.000 Từ);Mạnh Tuấn - Huy Hoàng;available;50000;5000;45000;10;0.0;0;{'text': 'Đã bán 3', 'value': 3};tu_dien;Bìa mềm
160488656;Richard Scarry's Best Dictionary Ever Từ điển tiếng anh cho bé;nhieu tac gia;available;275000;137500;137500;50;0.0;0;{'text': 'Đã bán 1', 'value': 1};tu_dien;Bìa cứng
34825500;Từ Điển Oxford Anh Việt 350.000 Từ (Hộp Cứng Xanh) (Tặng kèm booksmark) ;The Windy;available;298000;89400;208600;30;0.0;0;{'text': 'Đã bán 1', 'value': 1};tu_dien;Bìa cứng
139909185;Combo 2 quyển Từ Điển Tiếng Việt ( Hoàng Phê ) + Tự Điển Hán Việt Hán Ngữ Cổ Đại Và Hiện Đại;GS. Hoàng Phê;available;845000;0;845000;0;0.0;0;{'text': 'Đã bán 1', 'value': 1};tu_dien;Bìa cứng
100316302;Từ Điển Hàn - Việt (Khoảng 120.000 Mục Từ);Lê Huy Khoa;available;420000;210000;210000;50;5.0;1;{'text': 'Đã bán 1', 'value': 1};tu_dien;Bìa cứng
9688956;Từ Điển Anh Việt 340.000 Từ;;available;108000;21600;86400;20;4.8;5;{'text': 'Đã bán 41', 'value': 41};tu_dien;Bìa mềm
124394323;NDB - Từ điển Anh Việt 75.000 từ;;available;120000;0;120000;0;0.0;0;;tu_dien;
418695;Từ Điển Anh - Việt (350.000 Mục Từ);Nhóm tác giả;available;207999;0;207999;0;0.0;0;;tu_dien;Bìa cứng
172961058;Từ điển Anh – Anh- Việt (Bìa cứng) - TKBooks ;;available;298000;104300;193700;35;5.0;1;{'text': 'Đã bán 3', 'value': 3};tu_dien;
184475404;Đại Từ Điển Chữ Nôm;Vũ Văn Kính;available;495000;0;495000;0;0.0;0;;tu_dien;Bìa cứng
146271404;Từ Điển Tiếng Việt Dành Cho Học Sinh (2021);Viện Hàn Lâm Khoa Học Xã Hội Việt Nam Viện Ngôn Ngữ Học;available;80000;0;80000;0;4.7;3;{'text': 'Đã bán 11', 'value': 11};tu_dien;
542872;Từ Điển Hoa - Việt Thông Dụng (Tái Bản);Khổng Đức - Long Cương;available;55000;8250;46750;15;5.0;1;{'text': 'Đã bán 2', 'value': 2};tu_dien;Bìa mềm
165627293;Từ Điển Anh - Việt (Khoảng 70.000 Từ Ngôn Ngữ Quốc Tế Học);Đăng Khoa;available;55000;8250;46750;15;0.0;0;;tu_dien;
2802151;Từ Điển An Toàn Thông Tin Anh-Việt, Việt-Anh;Ban Từ điển biên soạn;available;165000;0;165000;0;5.0;1;{'text': 'Đã bán 7', 'value': 7};tu_dien;Bìa mềm
184099068;Từ Điển Lào Việt;BS.Trần Kim Lân;available;580000;0;580000;0;0.0;0;;tu_dien;Bìa cứng
2211287;Tự Điển Quy Phạm Hán Ngữ Hiện Đại;Lý Hành Kiện;available;160000;32000;128000;20;0.0;0;;tu_dien;Bìa cứng
146225271;Hán Việt Tự Điển (Tái Bản 2021);Thiều Chửu;available;142999;0;142999;0;0.0;0;;tu_dien;
33089081;Từ Điển Bách Khoa Việt Nam - Tập 2;Hội Đồng Quốc Gia Chỉ Đạo Biên Soạn Từ Điển Bách Khoa Việt Nam;available;800000;160000;640000;20;0.0;0;{'text': 'Đã bán 1', 'value': 1};tu_dien;Bìa cứng
54370909;Sách - Từ Điển Anh - Việt Trên 135000 Từ (Bản in màu đặc biệt Có thêm 10000 từ mới);;available;143000;0;143000;0;0.0;0;{'text': 'Đã bán 1', 'value': 1};tu_dien;
36582768;Từ Điển Anh Việt 300000 Mục Từ Và Định Nghĩa (Bìa Mềm);Minh Tân (biên soạn);available;87000;0;87000;0;0.0;0;;tu_dien;Bìa mềm
38189077;Sử Dụng Động Từ Tiếng Pháp;Lê Minh Cẩn;available;59000;15340;43660;26;0.0;0;;tu_dien;Bìa mềm
175445446;Sách từ điển anh việt, minh họa từ vựng bằng hình ảnh;nhieu tac gia;available;370000;175000;195000;47;0.0;0;{'text': 'Đã bán 3', 'value': 3};tu_dien;Bìa mềm
562598;Từ Điển Anh Việt Trên 135.000 Từ (Hộp Bao);Trần Mạnh Tường;available;138000;0;138000;0;5.0;1;{'text': 'Đã bán 3', 'value': 3};tu_dien;
164920773;Từ điển thuật ngữ báo chí - xuất bản Anh Nga Việt;;available;150000;0;150000;0;4.0;1;{'text': 'Đã bán 2', 'value': 2};tu_dien;Bìa cứng
375529;Từ Điển Việt Anh Phổ Thông;Ngọc Mai, Quốc Khánh;available;70000;10500;59500;15;0.0;0;{'text': 'Đã bán 12', 'value': 12};tu_dien;Bìa mềm
137864478;1000 Từ Tiếng Anh Đầu Tiên;;available;120000;0;120000;0;0.0;0;;tu_dien;Bìa cứng
7866399;Từ Điển Việt Nhật (Bìa Mềm);Minh Tân (biên soạn);available;75000;0;75000;0;0.0;0;{'text': 'Đã bán 5', 'value': 5};tu_dien;Bìa mềm
174406781;Từ Điển Các Mẫu Câu Trong Tiếng Anh;;available;150000;0;150000;0;0.0;0;;tu_dien;Bìa mềm
17615875;Từ Điển Thuật Ngữ Chuyên Ngành Báo Chí Anh - Việt;Nguyễn Minh Tiến;available;305000;0;305000;0;0.0;0;{'text': 'Đã bán 3', 'value': 3};tu_dien;Bìa cứng
75317845;Sách – Từ Điển Anh Việt Bằng Hình – Picture Dictionary;;available;46000;0;46000;0;5.0;1;{'text': 'Đã bán 2', 'value': 2};tu_dien;
549332;Từ Điển Anh - Việt 79.000 Từ (Tái Bản);.;available;65000;13000;52000;20;0.0;0;;tu_dien;Bìa mềm
51479659;Từ Điển Nhật Việt;Hoàng Khang;available;69000;12420;56580;18;0.0;0;;tu_dien;Bìa mềm
610624;Từ Điển Anh - Việt Bằng Hình: Động Vật (Dành Cho Trẻ Từ 2 - 6 Tuổi);Pandabooks;available;80000;9600;70400;12;0.0;0;;tu_dien;Bìa mềm
55282151;Từ Điển Anh - Việt: 340.000 Mục Từ Và Định Nghĩa;Trần Mạnh Tường;available;137000;0;137000;0;0.0;0;;tu_dien;
27830448;Từ Điển Anh - Anh - Việt  (Oxford - bìa vàng ) tặng kèm bút tạo hình ngộ nghĩnh;;available;250000;0;250000;0;0.0;0;{'text': 'Đã bán 3', 'value': 3};tu_dien;Bìa cứng
41273399;Từ Điển Oxford Anh - Anh - Việt (Bìa Vàng) (Tặng Bookmark độc đáo CR);;available;250000;0;250000;0;0.0;0;{'text': 'Đã bán 2', 'value': 2};tu_dien;
375537;Từ Điển Anh Việt 65.000 Từ;Hoàng Anh, Thanh Bình, Ngọc Mai;available;57000;8550;48450;15;0.0;0;{'text': 'Đã bán 1', 'value': 1};tu_dien;Bìa mềm
515969;Từ Điển Tiếng Việt (Ngôn Ngữ Việt Nam - Năm 2014);.;available;270000;27000;243000;10;0.0;0;{'text': 'Đã bán 2', 'value': 2};tu_dien;Bìa cứng
55731351;Từ Điển Cơ Khí Và Công Trình Anh -Việt 40.000 Từ;Cung Kim Tiến;available;139000;41700;97300;30;0.0;0;{'text': 'Đã bán 2', 'value': 2};tu_dien;Bìa mềm
33703900;Từ Điển HSK Giao Tiếp (Tập 2 - HSK5) + DVD tài liệu;Nhật Phạm;available;199000;0;199000;0;0.0;0;{'text': 'Đã bán 6', 'value': 6};tu_dien;Bìa mềm
148734342;Từ điển Việt Anh (ND);;available;30000;0;30000;0;0.0;0;;tu_dien;Bìa mềm
171248905;Từ Điển Vật Lí Phổ Thông ;Vũ Văn Hùng;available;86000;0;86000;0;0.0;0;{'text': 'Đã bán 1', 'value': 1};tu_dien;Bìa mềm
184081681;Từ Điển Thuật Ngữ Chuyên Ngành Báo Chí Anh - Việt; Nguyễn Minh Tiến;available;320000;0;320000;0;0.0;0;{'text': 'Đã bán 1', 'value': 1};tu_dien;Bìa mềm
105725336;Từ điển Nhật - Việt      日• 越辞典;nhieu tac gia;available;80000;20000;60000;25;5.0;1;{'text': 'Đã bán 6', 'value': 6};tu_dien;Bìa mềm
103864735;Từ Điển Anh - Việt 30.000 Từ;The Oxford English Dictionary;available;55000;9900;45100;18;0.0;0;{'text': 'Đã bán 11', 'value': 11};tu_dien;
31250892;Từ Điển Tiếng Việt;Thái Xuân Đệ;available;140000;29400;110600;21;5.0;2;{'text': 'Đã bán 5', 'value': 5};tu_dien;Bìa mềm
58709979;Từ Điển Bách Khoa Y Học Anh - Việt;Giáo sư Ngô Gia Hy;available;320000;16000;304000;5;5.0;3;{'text': 'Đã bán 11', 'value': 11};tu_dien;
177703619;Từ Điển Nhật-Việt - Việt-Nhật (Tái Bản 2022);Minh Tân;available;115000;0;115000;0;0.0;0;;tu_dien;
74982842;Combo Từ Điển Thành Ngữ Và Tục Ngữ Việt Nam+Từ Điển Tiếng Việt Thông Dụng (Bìa Mềm);;available;145000;0;145000;0;4.5;8;{'text': 'Đã bán 20', 'value': 20};tu_dien;
2802153;Từ Điển Khoa Học Tổng Hợp Anh - Việt;Ban Từ điển biên soạn;available;195000;0;195000;0;5.0;1;{'text': 'Đã bán 16', 'value': 16};tu_dien;Bìa mềm
56388669;Từ Điển Cơ Khí Và Máy Xây Dựng Anh - Việt;Cung Kim Tuyến;available;90000;0;90000;0;0.0;0;;tu_dien;Bìa mềm
32424026;Từ Điển Oxford Anh Việt 350.000 Từ (Hộp Cứng Xanh)(Tặng kèm Kho Audio Books);The Windy;available;298000;89400;208600;30;4.0;1;{'text': 'Đã bán 3', 'value': 3};tu_dien;Bìa cứng
29164805;Từ Điển Anh Việt 75000 Mục Từ Và Định Nghĩa (Tái Bản 2019);Minh Tân;available;126000;25200;100800;20;0.0;0;{'text': 'Đã bán 2', 'value': 2};tu_dien;Bìa cứng
63670363;Từ Điển Anh Việt - Việt Anh;Quang Hùng;available;146000;7300;138700;5;5.0;1;{'text': 'Đã bán 1', 'value': 1};tu_dien;
538281;Từ Điển Việt - Hoa Thông Dụng (2016);Khổng Đức;available;65000;11050;53950;17;0.0;0;;tu_dien;Bìa mềm
100285407;Từ Điển Việt - Hoa;Vĩnh Quyền;available;78000;14040;63960;18;0.0;0;;tu_dien;
35611766;Từ Điển Hàn - Việt (Khoảng 120.000 Mục Từ) (Tặng kèm bút chì Kingbooks) ;. Lê Huy Khoa;available;199000;0;199000;0;0.0;0;;tu_dien;Bìa mềm
115325184;Sách: Từ điển Anh Việt - Sách học ngoại ngữ Minh Họa Từ Vựng Bằng Hình Ảnh Kích thích Thị Giác - Á Châu Books;.;available;370000;111000;259000;30;0.0;0;{'text': 'Đã bán 1', 'value': 1};tu_dien;Bìa mềm
177886281;Muôn Màu Lập Luận - Tiếng Việt Giàu Đẹp;Nguyễn Đức Dân;available;107000;0;107000;0;0.0;0;;tu_dien;Bìa mềm
77222405;Sách - Từ Điển Khoa Học - 1000 Phương Tiện Di Chuyển (tặng kèm bookmark thiết kế);Gabriele Antonini;available;156000;0;156000;0;0.0;0;;tu_dien;
192413994;Từ Điển Tiếng Việt Dành Cho Học Sinh (Hồng Ân);Thái Xuân Đệ;available;55000;14300;40700;26;0.0;0;{'text': 'Đã bán 1', 'value': 1};tu_dien;Bìa mềm
755792;Từ Điển Hàn - Việt ;Nguyễn Thị Tố Tâm;available;155000;0;155000;0;5.0;1;{'text': 'Đã bán 6', 'value': 6};tu_dien;Bìa cứng
23297955;Từ Điển Oxford Anh Việt 350.000 Từ (Hộp Cứng Xanh) tặng kèm bookmark ;.;available;298000;89400;208600;30;5.0;4;{'text': 'Đã bán 9', 'value': 9};tu_dien;Bìa cứng
31658853;Từ Điển Anh - Việt 60.000 Từ;;available;55000;11000;44000;20;0.0;0;{'text': 'Đã bán 1', 'value': 1};tu_dien;Bìa mềm
26667446;Từ Điển Oxford Anh - Anh - Việt Bìa Vàng (Kèm Bút Chì) ;;available;250000;0;250000;0;0.0;0;{'text': 'Đã bán 8', 'value': 8};tu_dien;Bìa cứng
165626709;Từ Điển Anh - Việt (Khoảng 90.000 Từ);The Oxford Modern English Dictionary;available;61000;7930;53070;13;0.0;0;;tu_dien;
57766346;Cuốn cẩm nang bỏ túi hữu ích giúp bạn nâng cao năng lực Hàn ngữ: Từ Điển - Việt Hàn;;available;219000;72270;146730;33;5.0;1;{'text': 'Đã bán 1', 'value': 1};tu_dien;
165021304;Từ Điển Anh - Việt Khoảng 299.000 Từ;Quang Hùng;available;99000;4950;94050;5;0.0;0;;tu_dien;
32745749;Từ Điển Hàn - Việt (Khoảng 120.000 Mục Từ) (Tặng Kho Audio Books);Lê Huy Khoa;available;420000;210000;210000;50;0.0;0;{'text': 'Đã bán 1', 'value': 1};tu_dien;Bìa mềm
169377717;Từ Điển Việt - Anh Khoảng 75.000 Mục Từ (Tái Bản);Hội Ngôn ngữ học TP. Hồ Chí Minh;available;75000;3750;71250;5;0.0;0;{'text': 'Đã bán 1', 'value': 1};tu_dien;
179980604;Sổ tay từ vựng tiếng Anh thực hành;Huy Khang;available;70000;7000;63000;10;0.0;0;;tu_dien;Bìa mềm
105725521;Từ điển Việt - Nhật       越•日辞典;nhieu tac gia;available;70000;17500;52500;25;5.0;1;{'text': 'Đã bán 3', 'value': 3};tu_dien;Bìa mềm
173360406;Hệ Giá Trị Việt Nam Từ Truyền Thống Đến Hiện Đại;;available;250000;25000;225000;10;0.0;0;;tu_dien;
1784613;Từ Điển Hóa Nhuộm Việt - Anh;PGS. TS. Đặng Trấn Phòng;available;200000;0;200000;0;4.0;1;{'text': 'Đã bán 9', 'value': 9};tu_dien;Bìa mềm
39359845;Từ Điển Việt - Hàn;Kim;available;39000;5850;33150;15;4.3;4;{'text': 'Đã bán 13', 'value': 13};tu_dien;
172476158;Sách - Từ Điển Tâm Lý;Shozo Shibuya;available;124000;0;124000;0;0.0;0;;tu_dien;Bìa mềm
57484900;Từ Điển Nhật Việt (Bìa Mềm)(Tái Bản 2020);Nguyễn Văn Khang;available;140900;0;140900;0;0.0;0;{'text': 'Đã bán 1', 'value': 1};tu_dien;Bìa mềm
137129365;Sách Từ Điển Chính Tả Tiếng Việt;Nguyễn Thế Truyền;available;150000;0;150000;0;0.0;0;;tu_dien;Bìa mềm
506683;Từ Điển Hoa - Việt Phân Loại Bằng Hình Gấu Trúc (Tập 8);Nhân Văn Group;available;30000;6000;24000;20;5.0;1;{'text': 'Đã bán 14', 'value': 14};tu_dien;Bìa mềm
42201523;Từ Điển Oxford Anh Việt 350.000 Từ (Hộp Cứng Xanh) (Tặng Bookmark độc đáo RC);The Windy;available;298000;89400;208600;30;0.0;0;;tu_dien;Bìa cứng
478971;Từ Điển Anh - Việt (150.000 Từ);;available;77000;11550;65450;15;0.0;0;{'text': 'Đã bán 1', 'value': 1};tu_dien;Bìa mềm
654988;Từ Điển Thuật Ngữ Kinh Tế Viễn Thông Anh - Việt;TS. Trương Đức Nga;available;55000;0;55000;0;0.0;0;{'text': 'Đã bán 1', 'value': 1};tu_dien;Bìa mềm
31970479;Từ Điển Anh - Việt 145.000 Từ;.;available;95000;19000;76000;20;0.0;0;;tu_dien;Bìa mềm
22643224;Từ Điển Anh Anh Việt;Vĩnh Quyền;available;94000;10000;84000;11;0.0;0;{'text': 'Đã bán 3', 'value': 3};tu_dien;
31970475;Từ Điển Anh - Việt 95.000 Từ;Vĩnh Bá;available;65000;16250;48750;25;0.0;0;;tu_dien;Bìa cứng
100285403;Từ Điển Việt - Nhật;Kamiya;available;98000;17640;80360;18;0.0;0;;tu_dien;
108483925;Tiếng Việt Cho Người Nước Ngoài - Sơ Cấp;Lê Thị Hiệp;available;492000;49200;442800;10;5.0;1;{'text': 'Đã bán 3', 'value': 3};tu_dien;Bìa mềm
10366616;Từ Điển Anh Việt 200.000 Từ;Trivietbooks;available;105000;5250;99750;5;5.0;1;{'text': 'Đã bán 4', 'value': 4};tu_dien;Bìa mềm
33089100;Từ Điển Bách Khoa Việt Nam - Tập 3;Hội Đồng Quốc Gia Chỉ Đạo Biên Soạn Từ Điển Bách Khoa Việt Nam;available;800000;160000;640000;20;0.0;0;;tu_dien;Bìa cứng
33089107;Từ Điển Bách Khoa Việt Nam - Tập 4;Hội Đồng Quốc Gia Chỉ Đạo Biên Soạn Từ Điển Bách Khoa Việt Nam;available;800000;160000;640000;20;0.0;0;;tu_dien;Bìa cứng
1074874;Từ Điển Nhật - Việt;Kamiya Taeko;available;112000;22400;89600;20;0.0;0;;tu_dien;Bìa mềm
515924;Từ Điển Anh - Việt (Khoảng 61.000 Từ) (2014) - Sách Bỏ Túi;The Oxford Concise English Dictionary;available;66000;0;66000;0;0.0;0;{'text': 'Đã bán 2', 'value': 2};tu_dien;Bìa mềm
31970481;Từ Điển Anh - Việt 63.000 Từ;;available;58000;11600;46400;20;4.0;1;{'text': 'Đã bán 5', 'value': 5};tu_dien;Bìa mềm
139243109;Từ điển Trung Việt (Bìa mềm);;available;110000;0;110000;0;0.0;0;;tu_dien;Bìa mềm
8442164;Từ Điển Anh - Việt (Khoảng 95.000 Từ);The Oxford Modern English Dictionary;available;80000;16000;64000;20;0.0;0;;tu_dien;Bìa mềm
13461083;Từ Điển Anh - Việt 80.000 Từ (VL);Việt Fame;available;75000;3750;71250;5;0.0;0;{'text': 'Đã bán 3', 'value': 3};tu_dien;Bìa mềm
782878;Từ Điển Nhật - Việt (Bìa Cứng);Nguyễn Văn Khang;available;175000;0;175000;0;0.0;0;{'text': 'Đã bán 7', 'value': 7};tu_dien;Bìa cứng
72000007;Từ Điển Tiếng Việt 40.000 Từ (Tái Bản);Lê Dân;available;35000;9100;25900;26;0.0;0;;tu_dien;Bìa mềm
375552;Từ Điển Anh Việt 100.000 Từ;Việt Tuấn, Quang Vinh;available;60000;6000;54000;10;0.0;0;{'text': 'Đã bán 2', 'value': 2};tu_dien;Bìa mềm
124859156;Từ Điển Anh - Việt Trên 145.000 Mục Từ Và Định Nghĩa (Bìa Cứng) (Tái Bản);Trần Mạnh Tường;available;111999;0;111999;0;0.0;0;{'text': 'Đã bán 1', 'value': 1};tu_dien;Bìa cứng
163021269;Từ Điển Anh - Việt 61.000 Từ;The Oxford Modern English Dictionary;available;77000;10010;66990;13;0.0;0;;tu_dien;
1379735;Từ Điển Nhật Việt Thông Dụng;The Sakura;available;105000;0;105000;0;5.0;8;{'text': 'Đã bán 4', 'value': 4};tu_dien;Bìa mềm
35605174;Từ Điển Hàn - Việt (Khoảng 120.000 Mục Từ) - Bìa Cam (Tặng kèm bút chì Kingbooks);. Lê Huy Khoa;available;199000;0;199000;0;0.0;0;;tu_dien;
183269507;Từ Điển Việt Hoa ( Văn Lang );Xuân Huy - Phạm Minh Kha;available;98000;0;98000;0;0.0;0;;tu_dien;Bìa mềm
515766;Từ Điển Anh - Việt (Khoảng 145.000 Từ) - Sách Bỏ Túi;The Oxford Concise English Dictionary;available;70000;0;70000;0;0.0;0;{'text': 'Đã bán 2', 'value': 2};tu_dien;Bìa mềm
77094511;Từ Điển Tiếng Việt (65000 Từ) ;Thái Xuân Đệ;available;62000;15500;46500;25;0.0;0;{'text': 'Đã bán 2', 'value': 2};tu_dien;
137864073;My first word book- Từ Điển Anh Việt Bằng Hình;;available;86000;0;86000;0;0.0;0;{'text': 'Đã bán 1', 'value': 1};tu_dien;Bìa cứng
183558417;Từ Điển Tiếng Việt (Tái Bản 2022);nhieu tac gia;available;138000;0;138000;0;0.0;0;;tu_dien;Bìa mềm
41556225;Từ Điển Oxford Anh - Anh - Việt ( Bìa Đỏ Cứng ) (Tặng Bookmark độc đáo);.;available;298000;0;298000;0;0.0;0;;tu_dien;Bìa cứng
51479684;Từ Điển Cơ Khí Và Máy Xây Dựng Việt Anh;Cung Kim Tiến;available;107000;32100;74900;30;0.0;0;{'text': 'Đã bán 1', 'value': 1};tu_dien;Bìa mềm
434893;Từ Điển Hoa Việt - Việt Hoa;.;available;76000;11400;64600;15;0.0;0;;tu_dien;Bìa mềm
33056170;Từ Điển Hàn - Việt (Khoảng 120.000 Mục Từ) - Bìa Cam (Tặng Kho Audio Books);. Lê Huy Khoa;available;199000;0;199000;0;0.0;0;{'text': 'Đã bán 1', 'value': 1};tu_dien;Bìa mềm
31658874;Từ Điển Việt - Anh 90.000 Từ;Hoàng Vũ Luân;available;55000;2750;52250;5;0.0;0;{'text': 'Đã bán 8', 'value': 8};tu_dien;Bìa mềm
691496;Từ Điển Mẫu Câu Đàm Thoại Tiếng Anh Phổ Biến: Từ A Đến Z;Hoàng Thanh;available;88000;10000;78000;11;0.0;0;;tu_dien;Bìa mềm
603141;Từ Điển Anh Việt 340.000 Mục Từ Và Định Nghĩa (Bìa Mềm);Trần Mạnh Tường (Chủ biên);available;108000;0;108000;0;0.0;0;;tu_dien;Bìa mềm
35222319;Combo Từ điển Tiếng Việt dành cho học sinh + Tục ngữ, Ca Dao, Dân Ca Việt Nam (TG Vũ Ngọc Phan);;available;180000;0;180000;0;5.0;1;{'text': 'Đã bán 10', 'value': 10};tu_dien;
165626758;Từ Điển Chính Tả;nhieu tac gia;available;40000;5200;34800;13;0.0;0;;tu_dien;
35222064;Combo Từ Điển Thành Ngữ Tục Ngữ (GS: Nguyễn Lân) + Từ điển Tiếng Việt Dành cho học sinh;;available;155000;0;155000;0;3.8;6;{'text': 'Đã bán 43', 'value': 43};tu_dien;
603139;Từ Điển Anh Việt 340.000 Mục Từ Và Định Nghĩa (Bìa Cứng);Trần Mạnh Tường (Chủ biên);available;122000;0;122000;0;0.0;0;;tu_dien;Bìa cứng
87902756;Từ Điển Về Cách Dùng Các Từ Tiếng Anh Căn Bản;;available;75000;18750;56250;25;0.0;0;{'text': 'Đã bán 1', 'value': 1};tu_dien;
35222416;Combo Từ Điển tiếng Việt + Từ điển Thành ngữ tục ngữ Việt Nam + Tục ngữ Ca dao dân ca Việt Nam;;available;280000;0;280000;0;5.0;3;{'text': 'Đã bán 25', 'value': 25};tu_dien;
158775140;Từ Điển Anh Việt 300000 Mục Từ Và Định Nghĩa (Bìa Mềm)(Tái Bản);Mạnh Tường;available;111000;0;111000;0;0.0;0;;tu_dien;Bìa mềm
184072324;Sách - Từ Điển Các Mẫu Câu Trong Tiếng Anh ( bảo châu);;available;175000;45500;129500;26;0.0;0;;tu_dien;
100316098;Từ Điển Hàn - Việt (Khoảng 120.000 Mục Từ) - Bìa Cam;Lê Huy Khoa;available;420000;210000;210000;50;0.0;0;{'text': 'Đã bán 2', 'value': 2};tu_dien;Bìa cứng
184464586;Từ Điển Thành Ngữ Anh - Việt; Nguyễn Minh Tiến;available;699000;0;699000;0;0.0;0;;tu_dien;Bìa mềm
49002480;3500 Từ Vựng Tiếng Trung Theo Chủ Đề;Ngô Ngọc Khánh;available;65000;0;65000;0;0.0;0;;tu_dien;Bìa mềm
3953699;Từ Điển Chính Tả Tiếng Việt;Nguyễn Văn Khang;available;89000;0;89000;0;0.0;0;;tu_dien;Bìa cứng
9688958;Từ Điển Anh Việt 320.000 Từ;;available;99000;4950;94050;5;0.0;0;{'text': 'Đã bán 3', 'value': 3};tu_dien;Bìa mềm
171544970;Thành Ngữ, Tục Ngữ Việt - Anh - Nhật ;nhieu tac gia;available;220000;0;220000;0;0.0;0;;tu_dien;Bìa mềm
32583277;Từ Điển Tiếng Việt 75.000 Từ;Thái Xuân Đệ;available;70000;18200;51800;26;0.0;0;;tu_dien;Bìa mềm
348849;Từ Điển Tranh Về Rau - Củ - Quả - Hoa (Tái Bản 2012);.;available;30000;1500;28500;5;5.0;1;{'text': 'Đã bán 16', 'value': 16};tu_dien;Bìa mềm
36570192;Từ điển oxford Anh - Việt (Hơn 350.000 Từ) (Tặng kèm Bookmark PL);.;available;146000;0;146000;0;0.0;0;;tu_dien;Bìa mềm
109369090;Từ Điển Anh - Việt;Đăng Khoa;available;55000;2750;52250;5;0.0;0;{'text': 'Đã bán 2', 'value': 2};tu_dien;
165627334;Từ Điển Anh - Việt Khoảng 75.000 Từ;;available;59000;8850;50150;15;0.0;0;;tu_dien;
15156113;Từ Điển Việt Nhật Khoảng 5.000 Từ Thông Dụng;Hoàng Khang;available;90000;27000;63000;30;0.0;0;;tu_dien;Bìa mềm
66579975;Từ Điển Anh - Việt 60000 Từ Dùng Cho Thanh Niên, Học Sinh, Sinh Viên;Bùi Phụng;available;98000;14700;83300;15;0.0;0;;tu_dien;
184438232;Từ Điển Việt - Anh Khoảng 75.000 Mục Từ (Tái Bản);;available;75000;0;75000;0;0.0;0;;tu_dien;
144639592;Từ Điển Oxford Anh - Việt (Hơn 350.000 Từ) (Bìa Mềm Màu Trắng);The Windy;available;148500;0;148500;0;0.0;0;;tu_dien;Bìa mềm
27830434;Từ Điển Tiếng Việt Thông Dụng (Bìa Xanh) tặng kèm bút tạo hình ngộ nghĩnh;;available;175000;0;175000;0;0.0;0;;tu_dien;Bìa cứng
54423012;Từ Điển Việt - Hán Hiện Đại (Bìa Mềm);Trương Văn Giới;available;130000;6500;123500;5;5.0;1;{'text': 'Đã bán 18', 'value': 18};tu_dien;
111726149;TỪ ĐIỂN NHẬT-VIỆT (HỒNG ÂN);;available;95000;23750;71250;25;0.0;0;{'text': 'Đã bán 2', 'value': 2};tu_dien;
35088315;Từ Điển Nhật - Việt Thông Dụng (Tặng Thẻ Flashcard Từ Vựng Kanji);The Sakura;available;105000;31500;73500;30;0.0;0;{'text': 'Đã bán 1', 'value': 1};tu_dien;Bìa mềm
3241165;Từ Điển Chính Tả Tiếng Việt (Bìa Mềm);PGS.TS Nguyễn Trọng Báu;available;78000;7800;70200;10;0.0;0;{'text': 'Đã bán 1', 'value': 1};tu_dien;Bìa mềm
506669;Từ Điển Hoa - Việt Phân Loại Bằng Hình Gấu Trúc (Tập 6);Nhân Văn Group;available;35000;8000;27000;23;5.0;1;{'text': 'Đã bán 15', 'value': 15};tu_dien;Bìa mềm
91121874;NDB - Từ điển Tiếng việt - khổ 10x15.5cm;;available;98000;0;98000;0;0.0;0;{'text': 'Đã bán 1', 'value': 1};tu_dien;
184465070;Từ Điển Thuật Ngữ Chuyên Ngành Báo Chí Anh - Việt;;available;300000;0;300000;0;0.0;0;;tu_dien;
434296;Từ Điển Cách Dùng Tiếng Anh (Tái Bản 2015);Lê Đình Bì. M.A.;available;234000;0;234000;0;0.0;0;;tu_dien;Bìa cứng
755834;Từ Điển Anh - Việt 160.000 Từ;Nguyễn Ngọc;available;92000;23000;69000;25;0.0;0;;tu_dien;Bìa mềm
506655;Từ Điển Hoa - Việt Phân Loại Bằng Hình Gấu Trúc (Tập 3);Nhân Văn Group;available;35000;8000;27000;23;5.0;1;{'text': 'Đã bán 12', 'value': 12};tu_dien;Bìa mềm
165627264;Từ Điển Anh - Việt (61.000 Từ) - Sách Bỏ Túi;Đăng Khoa;available;65000;8450;56550;13;0.0;0;;tu_dien;
7866397;Từ Điển Việt Nhật (Bìa Cứng);Minh Tân (biên soạn);available;88000;0;88000;0;0.0;0;;tu_dien;Bìa cứng
33597898;Từ Điển HSK Giao Tiếp - Tập 2 (Tái Bản);Nhật Phạm;available;170000;0;170000;0;0.0;0;{'text': 'Đã bán 2', 'value': 2};tu_dien;Bìa mềm
35090977;Từ Điển Nhật Việt Thông Dụng (Bìa Đỏ) (Tặng Thẻ Flashcard Từ Vựng Kanji);The Sakura;available;71778;122;71656;0;0.0;0;;tu_dien;Bìa mềm
447976;Từ Điển Anh Việt (Nhóm Biên Soạn Thuận Việt);Nhóm Biên Soạn Thuận Việt;available;178000;18000;160000;10;0.0;0;;tu_dien;Bìa mềm
416113;Từ Điển Từ Láy Dành Cho Học Sinh;Huyền Linh;available;31000;0;31000;0;0.0;0;{'text': 'Đã bán 3', 'value': 3};tu_dien;Bìa mềm
43341754;Từ Điển Anh Việt 225000 Mục Từ & Định Nghĩa (Bìa Cứng);Minh Tân (biên soạn);available;107900;0;107900;0;0.0;0;;tu_dien;Bìa cứng
37793436;Từ Điển Anh - Việt Dành Cho Học Sinh;TRIVIETBOOK;available;72000;3600;68400;5;0.0;0;{'text': 'Đã bán 4', 'value': 4};tu_dien;
23832640;Từ Điển Anh Việt 39.000 Từ (Vl);Ninh Hùng;available;80000;16000;64000;20;0.0;0;;tu_dien;Bìa mềm
184062206;Hán Việt Từ Điển - Đào Duy Anh;Đào Duy Anh;available;440000;0;440000;0;0.0;0;;tu_dien;Bìa mềm
506666;Từ Điển Hoa - Việt Phân Loại Bằng Hình Gấu Trúc (Tập 5);Nhân Văn Group;available;35000;10000;25000;29;5.0;1;{'text': 'Đã bán 17', 'value': 17};tu_dien;Bìa mềm
158775134;Từ Điển Anh Việt 300000 Mục Từ Và Định Nghĩa (Bìa Cứng)(Tái Bản);Minh Tân (biên soạn);available;101778;122;101656;0;0.0;0;;tu_dien;Bìa cứng
124391376;NDB - Từ điển anh việt 145.000 từ;;available;140000;0;140000;0;0.0;0;;tu_dien;
46344123;Từ Điển Anh Việt (Dùng Cho Học Sinh)(Tái Bản);Đặng Hà Vân;available;45000;9000;36000;20;0.0;0;{'text': 'Đã bán 7', 'value': 7};tu_dien;Bìa mềm
11895064;Từ Điển Hán Việt Cho Người Mới Học;Trương Văn Giới;available;29000;0;29000;0;0.0;0;{'text': 'Đã bán 1', 'value': 1};tu_dien;Bìa mềm
36620660;Từ Điển Hàn - Việt (Khoảng 120.000 Mục Từ) - Bìa Cam (Tặng kèm Bookmark PL);. Lê Huy Khoa;available;420000;210000;210000;50;0.0;0;{'text': 'Đã bán 8', 'value': 8};tu_dien;Bìa cứng
56003707;Từ Điển Tiếng Việt (Tái Bản 2020);Nguyễn Tôn Nhan;available;78000;15600;62400;20;5.0;3;{'text': 'Đã bán 12', 'value': 12};tu_dien;
35620125;Từ Điển Anh - Việt (Hơn 350.000 Từ) - Tái Bản (Tặng kèm Booksmark) ;The Windy;available;198000;59400;138600;30;0.0;0;;tu_dien;Bìa mềm
150936964;Combo Từ Điển Tiếng Việt ;Gs Hoàng Phê;available;690000;0;690000;0;0.0;0;;tu_dien;
4311057;Từ Điển Tiếng Việt;;available;98000;25480;72520;26;0.0;0;;tu_dien;Bìa mềm
81939220;Sách - Từ Điển Tiếng Anh Bằng Hình;Collins;available;169000;33800;135200;20;0.0;0;{'text': 'Đã bán 2', 'value': 2};tu_dien;
3017917;Từ Điển Chính Tả Tiếng Việt;Nguyễn Văn Khang;available;75000;0;75000;0;0.0;0;{'text': 'Đã bán 4', 'value': 4};tu_dien;Bìa mềm
169379437;Từ Điển Anh - Việt 75.000 Từ (Tái Bản);Hội Ngôn ngữ học TP. Hồ Chí Minh;available;70000;9100;60900;13;0.0;0;{'text': 'Đã bán 1', 'value': 1};tu_dien;
74943723;Từ Điển Tiếng Việt Thông Dụng (Bìa Mềm) (Tái Bản);Thành Yến;available;75000;15000;60000;20;0.0;0;;tu_dien;Bìa mềm
147341465;Từ Điển Chính Tả Tiếng Việt Dành Cho Học Sinh (Tái Bản 2021);;available;60000;3000;57000;5;0.0;0;{'text': 'Đã bán 2', 'value': 2};tu_dien;
31970491;Từ Điển Anh - Anh Việt 150.000 Từ;Nguyễn Hoàng Sơn;available;80000;20000;60000;25;0.0;0;;tu_dien;Bìa mềm
17350357;Từ Điển Nhật Việt - Việt Nhật (Tặng Bookmark Phương Đông Books);Minh Tân;available;119000;0;119000;0;0.0;0;;tu_dien;
193203218;Từ Điển Tiếng Việt Hoàng Phê (Tái Bản);GS. Hoàng Phê;available;495000;0;495000;0;0.0;0;;tu_dien;Bìa cứng
22631294;Từ Điển Anh - Việt 79.000 Từ (VL);.;available;75000;15000;60000;20;0.0;0;{'text': 'Đã bán 1', 'value': 1};tu_dien;Bìa mềm
41875631;Từ Điển Anh Việt 400.000 Từ - Bìa Xanh;.;available;200000;40000;160000;20;0.0;0;;tu_dien;
31970453;Từ Điển Tiếng Việt 45.000 Từ;Lê Dân;available;35000;9100;25900;26;0.0;0;;tu_dien;Bìa mềm
146271726;Từ Điển Anh - Việt Trên 145.000 Mục Từ Và Định Nghĩa (Bìa Mềm) (Tái Bản 2021);Trần Mạnh Tường;available;120000;21600;98400;18;0.0;0;;tu_dien;
448356;Từ Điển Nhật - Việt (Bìa Cứng);.;available;173500;0;173500;0;0.0;0;;tu_dien;Bìa cứng
130059851;Sách - Combo 2 cuốn: Phát Triển Năng Lực - Ngữ Văn + Toán 6 Classic tập 1;;available;128160;0;128160;0;0.0;0;;tu_dien;Bìa mềm
476655;Từ Điển Anh - Việt (Minh Thắng);Lê Khả Kế;available;140000;0;140000;0;0.0;0;;tu_dien;Bìa cứng
165627243;Từ Điển Anh - Việt;The Oxford Concise English Dictionary;available;58000;7540;50460;13;0.0;0;;tu_dien;
143175337;Sách - Từ điển sử dụng loài người tặng bookmark Vadata;;available;109000;0;109000;0;0.0;0;{'text': 'Đã bán 2', 'value': 2};tu_dien;
165626676;Từ Điển Anh - Việt (Khoảng 50.000 Từ); ;available;63000;9450;53550;15;0.0;0;;tu_dien;
175653156;Từ Điển Thanh Niên Việt Nam - Giản Yếu ;;available;500000;0;500000;0;0.0;0;;tu_dien;
146271716;Từ Điển Anh Việt 75000 Mục Từ Và Định Nghĩa (Tái Bản 2021);Mạnh Tường;available;115000;5750;109250;5;0.0;0;;tu_dien;
136998558;Từ điển Oxford Anh-Anh-Việt (Bìa đỏ cứng);;available;298000;0;298000;0;0.0;0;;tu_dien;Bìa cứng
35308964;Từ Điển Tiếng Hàn Qua Tranh - Sách Bài Tập(Tặng kèm Booksmark);Kang Hyoun - hwa;available;220000;66000;154000;30;0.0;0;;tu_dien;Bìa mềm
58136089;Từ Điển Anh - Việt 100.000 Từ (Tái Bản 2020);Việt Fame;available;110000;22000;88000;20;0.0;0;;tu_dien;Bìa mềm
555403;Từ Điển Anh - Việt 39.000 Từ (Tái Bản);Nhóm tác giả;available;70000;20000;50000;29;0.0;0;;tu_dien;Bìa mềm
94597234;Từ Điển Anh Việt 79.000 Từ;.;available;80000;14400;65600;18;0.0;0;;tu_dien;Bìa gập
184334858;Từ Điển Anh Việt - Việt Anh - Bìa Cứng (Tái Bản 2022);Trần Mạnh Tường;available;143550;0;143550;0;0.0;0;;tu_dien;
87632216;Từ Điển Anh - Việt (251.000 Từ);Quang Hùng;available;78000;11700;66300;15;0.0;0;;tu_dien;
32842479;Từ Điển Tiếng Hàn Qua Tranh - Sách Bài Tập (Tặng kèm Kho Audio Books);Kang Hyoun - hwa;available;220000;66000;154000;30;0.0;0;{'text': 'Đã bán 1', 'value': 1};tu_dien;Bìa mềm
25962025;Từ Điển Oxford Anh - Việt (Hơn 350.000 Từ) (Bìa Mềm Màu Trắng) (Tặng Kèm Bút Hoạt Hình Cực Xinh);;available;198000;59400;138600;30;0.0;0;;tu_dien;Bìa mềm
31970489;Từ Điển Anh - Việt 150.000 Từ;Vĩnh Bá;available;128000;33280;94720;26;0.0;0;;tu_dien;Bìa cứng
19761891;Từ Điển  Oxford Anh Việt Tái Bản ( Hơn 350.000 Mục Từ Và 85 Phụ Lục ) ( Tặng Kèm Bút Chì Dễ Thương );.;available;155700;0;155700;0;0.0;0;{'text': 'Đã bán 2', 'value': 2};tu_dien;Bìa mềm
165626771;Ngôn Ngữ Việt Nam - Từ Điển Tiếng Việt;Đăng Khoa;available;260000;13000;247000;5;0.0;0;;tu_dien;
1074850;Từ Điển Anh - Việt (287.000 Từ);Modern English Dictionary;available;87000;13050;73950;15;0.0;0;;tu_dien;Bìa mềm
137951758;Combo Tiếng Anh Bằng Hình Dành Cho Bé ( Theo Chủ Đề ) + Từ Điển Anh Việt Bằng Hình Ảnh;Nguyễn Hoàng Thanh Ly;available;100000;0;100000;0;0.0;0;;tu_dien;
53599477;Từ Điển Anh - Việt 90.000 Từ (Tái Bản 2020);Việt Fame;available;110000;22000;88000;20;0.0;0;{'text': 'Đã bán 1', 'value': 1};tu_dien;
77051235;Tân Từ Điển Anh - Việt;NBS Thuận Việt;available;158000;7900;150100;5;2.0;1;{'text': 'Đã bán 2', 'value': 2};tu_dien;
54855838;Từ Điển Hàn - Việt (Khoảng 120.000 Mục Từ) - ( Tặng Miếng Đệm Tay Cầm Bút  Hình Cá Heo) PB;;available;245000;0;245000;0;5.0;4;{'text': 'Đã bán 8', 'value': 8};tu_dien;Bìa cứng
343604;Từ Điển Bách Khoa Tương Tác Cho Trẻ Em (Anh - Hoa - Việt) - Kèm CD;.;available;65000;7000;58000;11;0.0;0;{'text': 'Đã bán 1', 'value': 1};tu_dien;Bìa mềm
39371369;Từ Điển Oxford Anh - Việt (Hơn 350.000 Từ) (Bìa Mềm Màu Trắng) (tặng sổ tay mini dễ thương KZ);;available;198000;59400;138600;30;0.0;0;;tu_dien;Bìa mềm
39335534;Từ Điển Oxford Anh Việt 350.000 Từ (Hộp Cứng Xanh) (Tặng kèm nút đỡ điện thoại dễ thương);The Windy;available;298000;89400;208600;30;0.0;0;;tu_dien;Bìa cứng
129309613;Từ Điển Anh Việt 75000 Mục Từ Và Định Nghĩa (Bìa Cứng) (Tái Bản);Minh Tân;available;108000;0;108000;0;0.0;0;;tu_dien;Bìa cứng
506662;Từ Điển Hoa - Việt Phân Loại Bằng Hình Gấu Trúc (Tập 4);Nhân Văn Group;available;35000;8000;27000;23;5.0;1;{'text': 'Đã bán 12', 'value': 12};tu_dien;Bìa mềm
146272290;Từ Điển Anh - Việt Trên 145.000 Mục Từ Và Định Nghĩa (Bìa Cứng) (Tái Bản 2021);Trần Mạnh Tường;available;140000;25200;114800;18;0.0;0;;tu_dien;
1433179;Từ Điển Anh - Việt 75.000 Từ (Văn Lang);Việt Fame;available;60000;12000;48000;20;0.0;0;{'text': 'Đã bán 2', 'value': 2};tu_dien;Bìa mềm
114074663;Từ Điển Anh Việt Bằng Hình Ảnh;;available;48000;9600;38400;20;0.0;0;;tu_dien;Bìa mềm
36434206;Từ Điển Tiếng Hàn Qua Tranh - Sách Bài Tập (Tặng kèm Bookmark PL);Kang Hyoun - hwa;available;165000;0;165000;0;0.0;0;;tu_dien;Bìa mềm
25962029;Từ Điển Tiếng Việt Thông Dụng (Bìa Cứng Màu Xanh) (Tặng Kèm Bút Hoạt Hình Cực Xinh);;available;176000;0;176000;0;0.0;0;;tu_dien;Bìa cứng
172360883;Từ điển tiếng Việt thông dụng-bìa cứng đỏ - TKBooks;;available;220000;77000;143000;35;0.0;0;;tu_dien;
137863857;Từ Điển Việt-Anh-Đức Bằng Tranh: Thế Giới Quanh Em - My Little World - Meine Kleine Welt;;available;150000;12000;138000;8;0.0;0;;tu_dien;Bìa cứng
103474773;Từ Điển Anh - Việt Dùng Trong Nhà Trường;.;available;68000;12240;55760;18;0.0;0;;tu_dien;
28449378;Từ Điển Oxford Anh - Việt (Hơn 350.000 Từ) (Bìa Mềm Màu Trắng) (Quà Tặng: Bút Animal Kute');;available;147000;0;147000;0;0.0;0;;tu_dien;Bìa mềm
39357924;Từ Điển Anh - Việt (125.000 Từ);Nguyễn Bá;available;75000;15000;60000;20;0.0;0;;tu_dien;
55282543;Từ Điển Anh - Việt 286.000 Từ;Quang Hùng;available;86000;17200;68800;20;0.0;0;;tu_dien;
165627320;Từ Điển Anh - Việt (Khoảng 50.000 Từ);;available;57000;8550;48450;15;0.0;0;;tu_dien;
28449303;Từ Điển Nhật - Việt Thông Dụng (Bìa Mềm Màu Trắng) (Quà Tặng: Bút Animal Kute');;available;105000;31500;73500;30;0.0;0;;tu_dien;Bìa mềm
36371236;Ứng Dụng Siêu Trí Nhớ 4000 Từ Vựng Tiếng Anh Thông Dụng Nhất (Tặng kèm Bookmark PL);The Windy;available;119000;39770;79230;33;0.0;0;;tu_dien;Bìa mềm
176759792;Từ Điển Tiếng “Em”;;available;51750;0;51750;0;0.0;0;;tu_dien;
2802159;Từ Điển Khoa Học Và Kỹ Thuật Tổng Hợp;Ban Từ điển biên soạn;available;85000;0;85000;0;0.0;0;{'text': 'Đã bán 27', 'value': 27};tu_dien;Bìa mềm
1459005;Từ Điển Việt Anh (Máy Bay);;available;58000;0;58000;0;0.0;0;{'text': 'Đã bán 2', 'value': 2};tu_dien;Bìa mềm
177274859;Từ Điển Anh - Việt 340.000 Mục Từ Và Định Nghĩa (Tái Bản 2022) (Bìa Cứng);Modern Dictionary;available;165000;8250;156750;5;0.0;0;;tu_dien;
31658864;Từ Điển Anh - Việt 178.000 Từ;Nguyễn Hoàng Sơn;available;90000;23400;66600;26;0.0;0;;tu_dien;Bìa mềm
180399947;Từ Điển Việt Hoa;Phạm Minh Kha;available;98000;12740;85260;13;0.0;0;;tu_dien;
146270341;Từ Điển Anh - Việt (185.000 Từ);Nguyễn Hoàng;available;95000;10000;85000;11;0.0;0;;tu_dien;
23832672;Từ Điển Anh - Việt 110.000 Từ (Vl) - Tái Bản;Việt Fame;available;115000;23000;92000;20;5.0;1;{'text': 'Đã bán 1', 'value': 1};tu_dien;Bìa mềm
8087650;Từ điển oxford Anh - Việt (Hơn 350.000 Từ) Tặng Audio nghe từ vựng Tiếng Anh theo chủ đề;.;available;161000;0;161000;0;0.0;0;;tu_dien;Bìa mềm
779069;Từ Điển Anh - Anh - Việt (Tặng Kèm 3000 Từ Vựng Tiếng Anh Thông Dụng Nhất);;available;250000;0;250000;0;0.0;0;{'text': 'Đã bán 18', 'value': 18};tu_dien;Bìa cứng
156199596;Từ Điển Anh - Việt (135.000 Từ);Vĩnh Bá;available;95000;12350;82650;13;0.0;0;;tu_dien;
146274181;Từ Điển Anh - Việt (145.000 Từ);;available;108000;11000;97000;10;0.0;0;;tu_dien;
172361030;Sách - Từ điển Tiếng Việt thông dụng (Bìa Cứng Xanh) - TKBooks;;available;220000;77000;143000;35;0.0;0;;tu_dien;
173360325;Hộp Sách Arsène Lupin - Siêu Trộm Hào Hoa 2;;available;690000;138000;552000;20;0.0;0;;tu_dien;
173360410;Hot English - Tiếng Anh Học Dễ, Dùng Ngay;;available;198000;15000;183000;8;0.0;0;;tu_dien;
175980853;Từ điển Anh Việt - Việt Anh (bìa cứng) - tái bản 02. Tặng bút/sổ tay;;available;131000;0;131000;0;0.0;0;{'text': 'Đã bán 1', 'value': 1};tu_dien;
187183995;Từ Điển Anh Anh Việt - Bìa Cứng;;available;298000;0;298000;0;0.0;0;;tu_dien;Bìa cứng
41556228;Từ điển Anh – Anh- Việt (Bìa Vàng cứng) (Tặng Bookmark xinh xắn);;available;298000;89400;208600;30;0.0;0;;tu_dien;Bìa cứng
2783969;Từ Điển Anh Việt 100.000 Từ;Việt Fame;available;110000;0;110000;0;0.0;0;;tu_dien;Bìa mềm
55283806;Từ Điển Anh - Việt 218.000 Từ;Quang Hùng;available;64000;12800;51200;20;5.0;2;{'text': 'Đã bán 4', 'value': 4};tu_dien;
55284040;Từ Điển Anh - Việt 221.000 Từ; Ngọc Anh;available;66000;13200;52800;20;0.0;0;{'text': 'Đã bán 1', 'value': 1};tu_dien;
70202798;Từ Điển Anh - Việt (55.000 Từ);Nguyễn Hoàng Sơn;available;48000;9600;38400;20;0.0;0;;tu_dien;
469631;Từ Điển Anh -  Anh - Việt 277.000 Từ (Tái Bản);Vĩnh Tường - Thanh Long;available;79000;11850;67150;15;0.0;0;;tu_dien;Bìa mềm
165627372;Từ Điển Anh - Việt;The Oxford Modern English Dictionary;available;320000;41600;278400;13;0.0;0;;tu_dien;
4171009;Từ Điển Tiếng Việt - 90.000 từ;;available;59000;11800;47200;20;0.0;0;;tu_dien;Bìa mềm
146270559;Từ Điển Anh - Việt (135.000 Từ);Vĩnh Bá;available;95000;10000;85000;11;0.0;0;;tu_dien;
49002501;3500 Từ Vựng Tiếng Hàn Theo Chủ Đề;Diệp Chi;available;69000;3450;65550;5;0.0;0;;tu_dien;Bìa mềm
454141;Từ Điển Anh - Việt 160.000 Từ;Bích Hà;available;75000;8000;67000;11;5.0;1;{'text': 'Đã bán 1', 'value': 1};tu_dien;Bìa mềm
93949895;NDB - Từ điển Tiếng việt 75000 từ;;available;75000;0;75000;0;0.0;0;{'text': 'Đã bán 7', 'value': 7};tu_dien;
28449207;Từ Điển Tiếng Việt Thông Dụng (Bìa Cứng Màu Xanh) (Quà Tặng: Bút Animal Kute');;available;175000;0;175000;0;0.0;0;{'text': 'Đã bán 1', 'value': 1};tu_dien;Bìa cứng
146273900;Từ Điển Anh - Việt Dùng Trong Nhà Trường (160.000 Từ);Lê Lan Hương;available;65000;3250;61750;5;0.0;0;;tu_dien;
20823001; Từ Điển Hàn - Việt (Khoảng 120.000 Mục Từ) - Bìa Đỏ (Tặng kèm Bút chì luyện viết Tiếng Hàn siêu xinh);Lê Huy Khoa;available;420000;210000;210000;50;0.0;0;;tu_dien;Bìa cứng
46500140;Từ Điển Oxford Anh - Anh - Việt (Bìa Vàng) (Tái Bản);The Windy;available;298000;89400;208600;30;0.0;0;{'text': 'Đã bán 1', 'value': 1};tu_dien;Bìa cứng
83749646;Từ Điển Anh - Việt Thông Dụng;NBS Thuận Việt;available;78000;8000;70000;10;0.0;0;{'text': 'Đã bán 1', 'value': 1};tu_dien;
169887156;Từ Điển Anh Việt (Trên 75.000 Từ);Đăng Khoa;available;56000;7280;48720;13;0.0;0;;tu_dien;
33089119;Từ Điển Anh - Việt 185.000 Từ;Nguyễn Hoàng;available;109000;28340;80660;26;0.0;0;;tu_dien;Bìa mềm
26296438;Từ Điển Hàn - Việt Bìa Đỏ ( 120.000 Mục Từ ) tặng kèm bookmark ;Lê Huy Khoa;available;420000;210000;210000;50;0.0;0;;tu_dien;Bìa cứng
38110578;Từ Điển Anh - Việt;Nhóm Thuận Việt;available;160000;8000;152000;5;0.0;0;{'text': 'Đã bán 2', 'value': 2};tu_dien;
177274849;Từ Điển Anh - Việt 340.000 Mục Từ Và Định Nghĩa (Tái Bản 2022);Modern Dictionary;available;145000;18850;126150;13;0.0;0;;tu_dien;
165518869;Giải bài tập Tiếng Anh 8( NXB: Hải Phòng); Võ Thị Thúy Anh;available;52000;13520;38480;26;0.0;0;;tu_dien;Bìa mềm
130756617;Hán việt tự điển . Tặng sổ tay;;available;139000;0;139000;0;0.0;0;;tu_dien;
163021259;Từ Điển Anh - Việt 100.000 Từ;The Oxford Modern English Dictionary;available;65000;8450;56550;13;0.0;0;;tu_dien;
41273642;Từ điển Oxford Anh Việt_bìa cứng xanh (Tặng Bookmark độc đáo CR);;available;298000;89400;208600;30;0.0;0;;tu_dien;Bìa cứng
192360435;TỪ ĐIỂN TIẾNG VIỆT (130000 TỪ);TS Nguyễn Thị Bích Hạnh;available;85000;22100;62900;26;0.0;0;;tu_dien;Bìa mềm
184099066;Từ Điển Lào Việt;;available;530000;0;530000;0;0.0;0;;tu_dien;
35785840;Từ điển tiếng Hàn qua tranh (Sách bài tập)(Tặng kèm booksmark);;available;220000;66000;154000;30;0.0;0;;tu_dien;Bìa mềm
2801997;Từ Điển Anh - Anh - Việt (Bìa Xanh Vàng) - Tái Bản;;available;130000;45000;85000;35;0.0;0;;tu_dien;Bìa mềm
31658870;Từ Điển Anh - Việt 170.000 Từ;.;available;82000;21320;60680;26;0.0;0;;tu_dien;Bìa mềm
83749514;Từ Điển Anh - Anh - Việt;NBS Thuận Việt;available;163000;17000;146000;10;0.0;0;;tu_dien;
82936677;Từ Điển Anh - Việt 110.000 Từ (Tái Bản 2020);Việt Fame;available;120000;21600;98400;18;0.0;0;{'text': 'Đã bán 1', 'value': 1};tu_dien;
31970455;Từ Điển Tiếng Việt 40.000 Từ;Lê Dân;available;35000;9100;25900;26;0.0;0;;tu_dien;Bìa mềm
105603288;Từ điển tiếng Anh bằng hình cho bé;;available;249000;0;249000;0;0.0;0;;tu_dien;Bìa cứng
173972759;Từ Điển Bằng Hình - Số Đếm Và Chữ Cái Song Ngữ Anh - Việt;Minh Tuệ;available;58000;14500;43500;25;0.0;0;;tu_dien;Bìa mềm
137001849;Từ điển Oxford Anh-Việt (Bìa cứng xanh);;available;298000;0;298000;0;0.0;0;;tu_dien;Bìa cứng
550954;Từ Điển Anh - Việt Trên 135000 Từ;Trần Mạnh Tường;available;100000;0;100000;0;0.0;0;;tu_dien;Bìa mềm
162714415;TỪ ĐIỂN VIỆT - ANH (HỒNG ÂN) - BÌA CỨNG;;available;204000;0;204000;0;0.0;0;;tu_dien;
27830450;Từ Điển Anh - Việt  (Oxford - bìa xanh) tặng kèm bút tạo hình ngộ nghĩnh;;available;298000;89400;208600;30;0.0;0;;tu_dien;Bìa cứng
174293664;Một nghìn từ tiếng Anh đầu tiên - My first 1000 words;;available;160000;21000;139000;13;0.0;0;;tu_dien;
139247194;Từ điển Anh - Việt 130.000 từ (Bìa mềm);;available;105000;0;105000;0;0.0;0;;tu_dien;Bìa mềm
114945512;Sách: 1000 Từ Tiếng Anh Đầu Tiên - TSMN;;available;68800;0;68800;0;0.0;0;{'text': 'Đã bán 1', 'value': 1};tu_dien;
130057549;Sách - Combo 2 cuốn: Phát Triển Năng Lực - Ngữ Văn 6 CLASSIC + PLUS tập 1;;available;172080;0;172080;0;0.0;0;;tu_dien;Bìa mềm
26332990;Combo Từ điển thành ngữ Tục ngữ Việt Nam - Tục Ngữ Ca dao Dân Ca;G.S Nguyễn Lân;available;210000;0;210000;0;3.0;1;{'text': 'Đã bán 6', 'value': 6};tu_dien;Bìa cứng
29353020;Từ Điển Anh - Việt (350.000 Mục Từ);The Windy;available;298000;89400;208600;30;0.0;0;;tu_dien;
153890905;Từ Điển Anh - Việt Dành Cho Học Sinh - MinhAnBooks;;available;159000;31811;127189;20;0.0;0;;tu_dien;Bìa mềm
50956824;2200 Từ vựng tiếng Anh thông dụng nhất nt;The Wendy;available;178000;0;178000;0;0.0;0;;tu_dien;Bìa mềm
146224494;Từ Điển Anh - Việt (140.000 Từ);Nguyễn Văn Quý;available;125000;13000;112000;10;0.0;0;;tu_dien;
165626674;Từ Điển Anh - Việt (Khoảng 100.000 Từ);Đình Chương;available;64000;9600;54400;15;0.0;0;;tu_dien;
87632209;Từ Điển Anh - Việt (298.000 Từ);Quang Hùng;available;98000;14700;83300;15;0.0;0;{'text': 'Đã bán 1', 'value': 1};tu_dien;
26665878;Từ Điển Tiếng Hàn Qua Tranh;;available;187000;0;187000;0;0.0;0;;tu_dien;Bìa mềm
916970;Từ Điển Anh - Việt (340.000 Mục Từ Và Định Nghĩa);Trần Mạnh Tường;available;108000;0;108000;0;0.0;0;;tu_dien;Bìa mềm
13508885;Từ Điển Nhật Việt - Việt Nhật (Tái Bản 2019);Minh Tân (biên soạn);available;119000;0;119000;0;0.0;0;;tu_dien;Bìa mềm
162020673;Từ Điển Việt - Anh (75000 Từ);;available;72000;0;72000;0;0.0;0;;tu_dien;
638646;Từ Điển Anh - Việt 125.000 Từ;;available;90000;0;90000;0;0.0;0;;tu_dien;Bìa mềm
67966529;Từ Điển Anh - Việt;Quang Hùng - Ngọc Ánh;available;76000;3800;72200;5;0.0;0;{'text': 'Đã bán 2', 'value': 2};tu_dien;
190502200;Từ Điển Nhật.Việt - Việt.Nhật (Bìa Cứng) (Tái Bản 2022);Minh Tân;available;165000;8300;156700;5;0.0;0;;tu_dien;
177703711;Từ Điển Tiếng Việt 75.000 Từ; Minh Trí;available;75000;9750;65250;13;0.0;0;;tu_dien;
146226427;Từ Điển Anh - Việt (185.000 Từ);Nguyễn Hoàng;available;109000;11000;98000;10;0.0;0;;tu_dien;
33110300;Từ điển oxford Anh - Việt (Hơn 350.000 Từ) (Tặng kèm Kho Audio Books) ;.;available;198000;59400;138600;30;0.0;0;;tu_dien;Bìa mềm
162028465;TỪ ĐIỂN ANH - VIỆT 135000 TỪ (BÌA CỨNG);;available;105000;0;105000;0;0.0;0;;tu_dien;
173093643;Từ Điển Anh - Việt 125.000 Từ (Tái Bản);Vanlang Culture JSC;available;100000;5000;95000;5;0.0;0;;tu_dien;
163021275;Từ Điển Anh - Việt 100.000 Từ;The Oxford English Dictionary;available;66000;8580;57420;13;0.0;0;;tu_dien;
745306;Từ Điển Anh - Việt 177.000 Từ;Xuân Hồng;available;55000;5500;49500;10;0.0;0;{'text': 'Đã bán 5', 'value': 5};tu_dien;
184081524;Từ Điển Thành Ngữ Anh - Việt; Nguyễn Minh Tiến;available;699000;0;699000;0;0.0;0;;tu_dien;Bìa mềm
114945769;Sách: Từ điển anh việt bằng hình - TSMN;;available;44000;0;44000;0;5.0;1;{'text': 'Đã bán 1', 'value': 1};tu_dien;
25962063;Từ Điển Oxford Anh - Việt (Hơn 350.000 Từ) (Bìa Mềm Màu Trắng) (Tặng Thước Đo Chiều Cao Cho Trẻ);;available;158400;0;158400;0;0.0;0;;tu_dien;Bìa mềm
165626727;Từ Điển Anh - Việt (Khoảng 61.000 Từ);Đăng Khoa;available;64000;9600;54400;15;0.0;0;;tu_dien;
31658852;Từ Điển Anh - Việt 85.000 Từ;.;available;72000;18000;54000;25;0.0;0;;tu_dien;Bìa mềm
165627258;Từ Điển Anh - Việt (165.000 Từ);nhieu tac gia;available;85000;11050;73950;13;0.0;0;;tu_dien;
163739578;Từ Điển Anh Việt 300000 Mục Từ Và Định Nghĩa (Tái Bản) - Bìa Mềm;Mạnh Tường;available;128000;16640;111360;13;0.0;0;;tu_dien;
163739580;Từ Điển Anh Việt 300000 Mục Từ Và Định Nghĩa (Tái Bản) - Bìa Cứng;Mạnh Tường;available;145000;18850;126150;13;0.0;0;;tu_dien;
178505416;Từ Điển Tiếng “Em”;Khotudien;available;55000;0;55000;0;0.0;0;;tu_dien;
31970467;Từ Điển Anh - Anh Việt 135.000 Từ;Nguyễn Quang;available;78000;15600;62400;20;0.0;0;{'text': 'Đã bán 2', 'value': 2};tu_dien;Bìa mềm
25962011;Từ Điển Anh - Việt (Bìa Cứng Màu Xanh) (Tặng Kèm Bút Hoạt Hình Cực Xinh);;available;298000;89400;208600;30;0.0;0;;tu_dien;Bìa cứng
31970473;Từ Điển Tiếng Việt (100.000 Từ) ;Thái Xuân Đệ;available;75000;19500;55500;26;0.0;0;;tu_dien;Bìa mềm
110192315;TỪ ĐIỂN ANH - VIỆT (178000 TỪ);;available;80000;0;80000;0;5.0;1;{'text': 'Đã bán 1', 'value': 1};tu_dien;
31658856;Từ Điển Việt - Anh 150.000 Từ;Hoàng Vũ Luân;available;86000;0;86000;0;0.0;0;;tu_dien;Bìa mềm
139240470;Từ điển Anh - Việt 175.000 từ;;available;120000;0;120000;0;0.0;0;;tu_dien;Bìa mềm
27830440;Từ Điển Tiếng Việt Thông Dụng (Bìa Đỏ) tặng kèm bút tạo hình ngộ nghĩnh;;available;175000;0;175000;0;0.0;0;;tu_dien;Bìa cứng
42842809;Từ Điển Anh Việt - Việt Anh (Bí Kíp Công Phá Từ Vựng Tiếng Anh / Tặng Kèm Bookmark Green Life);Trần Mạnh Tường;available;140000;0;140000;0;0.0;0;;tu_dien;Bìa cứng
28449209;Từ Điển Tiếng Việt Thông Dụng (Bìa Cứng Màu Đỏ) (Quà Tặng: Bút Animal Kute');;available;175000;0;175000;0;0.0;0;{'text': 'Đã bán 1', 'value': 1};tu_dien;Bìa cứng
33089368;Từ Điển Anh - Việt 200.000 Từ;Nguyễn Hoàng;available;110000;28600;81400;26;0.0;0;;tu_dien;Bìa mềm
165627368;Từ Điển Anh - Việt Dành Cho Mọi Đối Tượng (85.000 Từ);Đăng Khoa;available;63000;9450;53550;15;0.0;0;;tu_dien;
96925376;Từ Điển Tiếng Việt;TS Nguyễn Thị Bích Hạnh;available;98000;17640;80360;18;0.0;0;;tu_dien;
163021297;Từ Điển Anh - Việt;;available;69000;8970;60030;13;0.0;0;;tu_dien;
31970493;Từ Điển Tiếng Anh Bằng Hình Đầu Tiên Của Bé;Nguyễn Hoàng Thanh Ly;available;25000;3000;22000;12;0.0;0;;tu_dien;Bìa mềm
148764749;Từ Điển Anh Việt 150.000 từ (ND);;available;110000;0;110000;0;0.0;0;;tu_dien;
74621338;Combo Học Giao Tiếp Tiếng Hàn Qua Tranh+Từ Điển Tiếng Hàn Qua Tranh;;available;280000;0;280000;0;0.0;0;;tu_dien;
148747136;Từ điển Anh Việt 340.000 từ (ND);;available;200000;0;200000;0;0.0;0;;tu_dien;Bìa mềm
50361494;Từ Điển Anh Việt 290.000 Từ (Tái Bản);Quang Hùng;available;86000;17200;68800;20;0.0;0;;tu_dien;
702690;Từ Điển Anh - Việt 120.000 Từ (Văn Lang) ;Việt Fame;available;105000;12600;92400;12;5.0;1;{'text': 'Đã bán 1', 'value': 1};tu_dien;Bìa mềm
165627338;Từ Điển Anh - Việt 75.000 Từ;Đăng Khoa;available;60000;9000;51000;15;0.0;0;;tu_dien;
36404606;Từ Điển Hàn - Việt (Khoảng 120.000 Mục Từ) - Bìa Đỏ (Tặng kèm Bookmark PL);Lê Huy Khoa;available;420000;210000;210000;50;0.0;0;;tu_dien;Bìa cứng
48894312;Từ Điển Anh Việt 100.000 Từ;Quang Vinh;available;72000;14400;57600;20;0.0;0;;tu_dien;Bìa cứng
38191267;Từ Điển Anh -  Việt  (140.000 Từ);.;available;125000;32500;92500;26;0.0;0;;tu_dien;Bìa mềm
31970451;Từ Điển Anh - Việt 120.000 Từ (Bìa Cứng);Vĩnh Bá;available;75000;19500;55500;26;0.0;0;;tu_dien;Bìa cứng
32583279;Từ Điển Anh - Việt 135.000 Từ;Vĩnh Bá;available;105000;27300;77700;26;0.0;0;;tu_dien;Bìa cứng
163021277;Từ Điển Anh - Việt 100.000 Từ;The Oxford Concise English Dictionary;available;75000;9750;65250;13;0.0;0;;tu_dien;
31658868;Từ Điển Anh - Việt 175.000 Từ;Nguyễn Hoàng Sơn;available;88000;22880;65120;26;0.0;0;;tu_dien;Bìa mềm
66228058;Từ Điển Việt - Nhật;Kamiya;available;88000;17600;70400;20;0.0;0;;tu_dien;
31658887;Từ Điển Anh - Việt 188.000 Từ;Nguyễn Hoàng;available;95000;24700;70300;26;0.0;0;;tu_dien;Bìa mềm
114693421;NDb - Anh việt 305.000 từ;;available;175000;0;175000;0;0.0;0;{'text': 'Đã bán 1', 'value': 1};tu_dien;
27830438;Từ Điển Oxford Anh - Việt  (Bìa Trắng ) tặng kèm bút tạo hình ngộ nghĩnh;;available;198000;59400;138600;30;0.0;0;{'text': 'Đã bán 3', 'value': 3};tu_dien;Bìa mềm
31658866;Từ Điển Anh - Việt 105.000 Từ;Nguyễn Hồng Phương;available;80000;20800;59200;26;0.0;0;;tu_dien;Bìa mềm
53599509;Từ Điển Anh - Việt 125.000 Từ (Tái Bản 2019);Văn Lang Culture Jsc;available;90000;18000;72000;20;0.0;0;{'text': 'Đã bán 3', 'value': 3};tu_dien;
39532035;Từ Điển Anh Việt 225000 Mục Từ Và Định Nghĩa (Bìa Mềm);Minh Tân;available;90000;0;90000;0;0.0;0;;tu_dien;Bìa mềm
31970477;Từ Điển Anh - Việt 100.000 Từ;Vĩnh Bá;available;60000;15600;44400;26;0.0;0;;tu_dien;Bìa mềm
105663920;Từ Điển Anh Việt 50.000 Từ (2016);The Oxford Modern English Dictionary;available;61000;7000;54000;11;0.0;0;;tu_dien;
37151893;1000 Từ Anh Việt Đầu Tiên;An Nhiên;available;69000;13800;55200;20;0.0;0;{'text': 'Đã bán 3', 'value': 3};tu_dien;
48894310;Từ Điển Anh Việt 65.000 Từ;.;available;68000;13600;54400;20;0.0;0;{'text': 'Đã bán 1', 'value': 1};tu_dien;Bìa mềm
31658860;Từ Điển Anh - Việt 125.000 Từ;Nguyễn Bá;available;90000;23400;66600;26;0.0;0;;tu_dien;Bìa cứng
39371135;Từ Điển Hàn - Việt (Khoảng 120.000 Mục Từ) - Bìa Đỏ (Tặng kèm iring siêu dễ thương s2);Lê Huy Khoa;available;420000;210000;210000;50;0.0;0;;tu_dien;Bìa mềm
191769424;Từ Điển Anh - Việt 120.000 Từ;Việt Fame;available;150000;35000;115000;23;0.0;0;;tu_dien;Bìa mềm
36257984;Từ Điển Anh - Việt (Hơn 350.000 Từ) - Tái Bản(Tặng Kèm Bookmark PL);The Windy;available;198000;59400;138600;30;0.0;0;{'text': 'Đã bán 1', 'value': 1};tu_dien;Bìa mềm
31970511;Từ Điển Anh - Việt 70.000 Từ;;available;70000;14000;56000;20;0.0;0;{'text': 'Đã bán 1', 'value': 1};tu_dien;Bìa mềm
189658793;Tự Điển Chữ Nôm Dẫn Giải - Gồm 2 Tập (Tập 1 + Tập 2 - Tái Bản );Nguyễn Quang Hồng;available;1650000;0;1650000;0;0.0;0;;tu_dien;Bìa cứng
125819142;TỪ ĐIỂN NHẬT-VIỆT ( Lan Hương );;available;95000;0;95000;0;0.0;0;;tu_dien;
24156860;Từ Điển Oxford Anh - Anh - Việt  ( bìa đỏ cứng ) ( tặng kèm 360 động từ bất quy tắc và 12 thi cơ bản trong Tiếng Anh) ;;available;243000;0;243000;0;5.0;1;{'text': 'Đã bán 1', 'value': 1};tu_dien;Bìa cứng
171580690;My Dictionary Of Everyday Words - Từ Điển Các Từ Tiếng Anh Thông Dụng Của Tôi;Penerbitan Pelangi Sdn. Bhd.;available;140000;14000;126000;10;0.0;0;;tu_dien;
165626732;Từ Điển Anh - Việt (Khoảng 61.000 Từ);The Oxford Concise English Dictionary;available;66000;8580;57420;13;0.0;0;;tu_dien;
193668884;Từ Điển Tục Ngữ Thế Giới;;available;63000;0;63000;0;0.0;0;;tu_dien;
194568599;Từ Điển Mỹ Học;Nguyễn Văn Dân;available;347130;0;347130;0;0.0;0;;tu_dien;
187184039;Sách - Từ Điển Anh Anh Việt Phiên Bản Bìa Mềm Màu Xanh - Giải Nghĩa Đầy Đủ Ví Dụ Phong Phú;;available;198000;0;198000;0;0.0;0;;tu_dien;Bìa mềm
193213684;ĐẠI TỰ ĐIỂN HÁN VIỆT – HÁN NGỮ CỔ VÀ HIỆN ĐẠI;;available;1950000;284000;1666000;15;0.0;0;;tu_dien;Bìa cứng
192987750;Từ Điển Anh Việt 90.000 Từ;;available;59000;0;59000;0;0.0;0;;tu_dien;
187184249;Từ điển Anh-Anh-Việt dành cho học sinh (Tái bản 2020);;available;159000;0;159000;0;0.0;0;;tu_dien;Bìa mềm
184415405;Từ Điển Anh - Việt 75.000 Từ (Tái Bản);Hội Ngôn ngữ học TP. Hồ Chí Minh;available;70000;0;70000;0;0.0;0;;tu_dien;
192987778;Từ Điển Anh - Việt (90.000 Từ);The Oxford English Dictionary;available;62000;0;62000;0;0.0;0;;tu_dien;
195237371;SỔ TAY TIẾNG ANH 7 ( AN NHIÊN )_KV;;available;89000;16910;72090;19;0.0;0;;tu_dien;Bìa mềm
195526067;Từ Điển Y Học DorLand Anh - Việt;;available;1300000;0;1300000;0;0.0;0;;tu_dien;
187183775;Từ Điển Anh - Việt (350.000 Mục Từ);;available;298000;0;298000;0;0.0;0;;tu_dien;Bìa cứng
187184121;Từ điển Anh – Anh- Việt ( tái bản thay bìa trắng kẻ xanh ) ( BẢN MỚI 2020);;available;198000;0;198000;0;0.0;0;;tu_dien;Bìa mềm
192987722;Từ Điển Anh - Việt;The Oxford Modern English Dictionary;available;310000;0;310000;0;0.0;0;;tu_dien;
162028485;Từ Điển Anh - Việt 175000 Từ (Hồng Ân);;available;80000;0;80000;0;0.0;0;;tu_dien;
192950657;Từ Điển Anh - Việt 150.000 Từ;Trivietbooks;available;113000;14690;98310;13;0.0;0;;tu_dien;
193976653;Từ Điển Ngữ Pháp Tiếng Nhật (Tái Bản 2022);Hoàng Quỳnh;available;130500;0;130500;0;0.0;0;;tu_dien;
190502210;Từ Điển Anh.Việt - Việt.Anh (Tái Bản 2022);Modern English Dictionary;available;145000;7300;137700;5;0.0;0;;tu_dien;
162028461;TỪ ĐIỂN ANH - VIỆT 95000 TỪ (BÌA CỨNG);;available;60000;0;60000;0;0.0;0;;tu_dien;
187184597;Ứng Dụng Siêu Trí Nhớ 4000 Từ Vựng Tiếng Anh Thông Dụng Nhất;;available;119000;0;119000;0;0.0;0;;tu_dien;Bìa mềm
187184512;2200 Từ vựng tiếng Anh thông dụng nhất;;available;178000;0;178000;0;0.0;0;;tu_dien;Bìa mềm
192987957;Ngôn Ngữ Việt Nam - Từ Điển Tiếng Việt;nhieu tac gia;available;265000;0;265000;0;0.0;0;;tu_dien;
164211741;Từ Điển Việt - Hàn (Hồng Ân);;available;140000;0;140000;0;0.0;0;;tu_dien;
183560296;Từ Điển Anh - Việt 125.000 Từ (Tái Bản);Vanlang Culture JSC;available;100000;0;100000;0;0.0;0;;tu_dien;Bìa mềm
85800036;Từ Điển Nhà Nguyễn;Võ Hương An;available;585000;0;585000;0;0.0;0;;tu_dien;Bìa mềm
193976651;Từ Điển Anh Việt 225.000 Mục Từ Và Định Nghĩa (Bìa Cứng) (Tái Bản);;available;126150;0;126150;0;0.0;0;;tu_dien;
187616632;100 Từ Anh - Việt Đầu Tiên(PNU);;available;49000;11000;38000;22;0.0;0;;tu_dien;Bìa mềm
173943172;Từ điển tiếng Việt thông dụng-bìa cứng đỏ;;available;220000;24000;196000;11;0.0;0;;tu_dien;
192987156;Ăn Dặm Tiếng Anh - Perfect English Grammar;Prapai Poongarmcherng;available;329000;0;329000;0;0.0;0;;tu_dien;Bìa mềm
