188694977;Tạp chí HARPER'S BAZAAR Tháng 07/2022;;available;64000;0;64000;0;4.7;6;{'text': 'Đã bán 61', 'value': 61};tap_chi;Bìa cứng
176854208; Tạp chí HARPER'S BAZAAR Tháng 05/2022;;available;64000;0;64000;0;5.0;86;{'text': 'Đã bán 338', 'value': 338};tap_chi;Bìa cứng
1019129;Graphics 01 - Connect The Dots;KEE Agency;available;119000;23900;95100;20;5.0;84;{'text': 'Đã bán 624', 'value': 624};tap_chi;Bìa mềm
178566808;Tạp chí Forbes Việt Nam - Số 105 (Tháng 05.2022) ;nhieu tac gia;available;95000;0;95000;0;5.0;6;{'text': 'Đã bán 56', 'value': 56};tap_chi;Bìa mềm
156175417;Dijkstra - Ấn Phẩm Chuyên Đề Cho Kỹ Sư Phần Mềm Người Việt - Tập 2;;available;100000;0;100000;0;4.8;146;{'text': 'Đã bán 913', 'value': 913};tap_chi;Bìa mềm
8168463;BTS Con Đường Khẳng Định Chính Mình;Gu Ja Hyoung;available;156000;78000;78000;50;4.8;6;{'text': 'Đã bán 18', 'value': 18};tap_chi;Bìa cứng
163575699;Tạp chí ELLE tháng 02/2022;;available;65000;0;65000;0;5.0;35;{'text': 'Đã bán 126', 'value': 126};tap_chi;Bìa mềm
24957730;Đế Chế SM;Kim Dong Hwan;available;149000;74500;74500;50;5.0;3;{'text': 'Đã bán 10', 'value': 10};tap_chi;Bìa cứng
169599435;Tạp chí ELLE tháng 03/2022; ;available;65000;0;65000;0;5.0;9;{'text': 'Đã bán 47', 'value': 47};tap_chi;Bìa mềm
184673149;Tạp chí Forbes Việt Nam - Số 106 (Tháng 06.2022);nhieu tac gia;available;95000;0;95000;0;5.0;5;{'text': 'Đã bán 52', 'value': 52};tap_chi;Bìa mềm
44984267;J.O.Y – Issue 2: Người Kể Chuyện Tình;.;available;139000;44480;94520;32;4.7;74;{'text': 'Đã bán 794', 'value': 794};tap_chi;Bìa mềm
178477040;Tạp chí ELLE DECORATION tháng 5/2022; ;available;100000;0;100000;0;5.0;6;{'text': 'Đã bán 57', 'value': 57};tap_chi;Bìa mềm
117708182;Tạp chí ELLE tháng 8/2021;;available;65000;0;65000;0;4.8;28;{'text': 'Đã bán 82', 'value': 82};tap_chi;Bìa mềm
179218534;Tạp chí Nội Thất 318 (Tháng 05-2022);;available;34500;0;34500;0;4.8;4;{'text': 'Đã bán 34', 'value': 34};tap_chi;Bìa mềm
173347852;Tuổi Trẻ Cười số 6 phát hành ngày 01-4-2022;;available;14500;0;14500;0;5.0;3;{'text': 'Đã bán 21', 'value': 21};tap_chi;Bìa mềm
177532880;Tuổi Trẻ Cuối Tuần số 16 phát hành ngày 01-5-2022;;available;14500;0;14500;0;5.0;3;{'text': 'Đã bán 9', 'value': 9};tap_chi;Bìa mềm
161509386;Tạp chí Forbes Việt Nam - Số 102 (Tháng 02.2022);nhieu tac gia;available;95000;0;95000;0;5.0;13;{'text': 'Đã bán 73', 'value': 73};tap_chi;
174439150;Tạp chí Forbes Việt Nam - Số 104 (Tháng 04.2022) ;nhieu tac gia;available;95000;0;95000;0;5.0;3;{'text': 'Đã bán 47', 'value': 47};tap_chi;Bìa mềm
179584168;Tạp chí HARPER’S BAZAAR Tháng 05/22 - Bìa 3;;available;64000;0;64000;0;5.0;3;{'text': 'Đã bán 13', 'value': 13};tap_chi;Bìa cứng
10099633;Combo Tạp Chí Graphics (5 Tập);Nguyễn Việt Hùng;available;735000;37000;698000;5;4.8;85;{'text': 'Đã bán 348', 'value': 348};tap_chi;Bìa mềm
184765615;Tạp chí Kiến Trúc và Đời Sống số 192 (Tháng 6.2022);Nhiều;available;35800;0;35800;0;5.0;3;{'text': 'Đã bán 18', 'value': 18};tap_chi;Bìa mềm
184592599;Tạp chí Nội Thất 319 (Tháng 6-2022);;available;34500;0;34500;0;5.0;3;{'text': 'Đã bán 26', 'value': 26};tap_chi;Bìa mềm
179216695;Tạp chí Nội Thất 317 (Tháng 04-2022);;available;34500;0;34500;0;5.0;3;{'text': 'Đã bán 22', 'value': 22};tap_chi;Bìa mềm
190354675;Tạp chí Kiến Trúc và Đời Sống số 193 (Tháng 7.2022);;available;38500;0;38500;0;5.0;3;{'text': 'Đã bán 59', 'value': 59};tap_chi;Bìa mềm
184059208;Tuổi Trẻ Cười số 10 phát hành ngày 01-6-2022;;available;14500;0;14500;0;4.3;3;{'text': 'Đã bán 12', 'value': 12};tap_chi;Bìa mềm
178831309;Hoa Học Trò Số 1381;nhieu tac gia;available;20000;1000;19000;5;5.0;3;{'text': 'Đã bán 10', 'value': 10};tap_chi;
188907257;Tuổi Trẻ Cười số 12 ngày 01-7-2022;;available;14500;0;14500;0;4.3;3;{'text': 'Đã bán 13', 'value': 13};tap_chi;Bìa mềm
168388006;Tạp chí Forbes Việt Nam - Số 103 (Tháng 03.2022);nhieu tac gia;available;95000;0;95000;0;5.0;8;{'text': 'Đã bán 65', 'value': 65};tap_chi;Bìa mềm
178787886;Tạp chí Kiến Trúc và Đời Sống số 191 (Tháng 5.2022);Nhiều;available;35800;0;35800;0;5.0;3;{'text': 'Đã bán 39', 'value': 39};tap_chi;Bìa mềm
168959966;Sách - Lời nguyền tiền mặt;;available;126000;0;126000;0;4.5;2;{'text': 'Đã bán 4', 'value': 4};tap_chi;
179936916;Tạp chí NỮ DOANH NHÂN số 140 phát hành tháng 04, 05, 06/2022;;available;115000;0;115000;0;5.0;2;{'text': 'Đã bán 10', 'value': 10};tap_chi;Bìa mềm
32217225;Shuffle Hiểu Lòng Tôi;Hikaru;available;75000;3750;71250;5;5.0;8;{'text': 'Đã bán 36', 'value': 36};tap_chi;
70524098;J.O.Y - Issue 4: Chuyến Du Hành Ngược Thời Gian ;.;available;149000;44700;104300;30;4.8;97;{'text': 'Đã bán 394', 'value': 394};tap_chi;Bìa mềm
174182583;Hoa Học Trò Số 1379;nhieu tac gia;available;20000;1000;19000;5;5.0;2;{'text': 'Đã bán 12', 'value': 12};tap_chi;
169488611;Tuổi Trẻ Cười 05 phát hành ngày 15-3-2022;;available;14500;0;14500;0;5.0;4;{'text': 'Đã bán 33', 'value': 33};tap_chi;Bìa mềm
180582105;Tuổi Trẻ Cười số 9 phát hành ngày 15-5-2022;;available;14500;0;14500;0;5.0;2;{'text': 'Đã bán 18', 'value': 18};tap_chi;Bìa mềm
95665546;Tạp chí Wanderlust Tips tháng 3.2020 (Vol 43);;available;75000;0;75000;0;5.0;5;{'text': 'Đã bán 18', 'value': 18};tap_chi;Bìa mềm
167421806;Tạp chí Kiến Trúc và Đời Sống số 189 (Tháng 3.2022);Nhiều;available;35800;0;35800;0;4.8;6;{'text': 'Đã bán 57', 'value': 57};tap_chi;Bìa mềm
177117544;Tuổi Trẻ Cười số 8 phát hành ngày 01-5-2022;;available;14500;0;14500;0;5.0;2;{'text': 'Đã bán 20', 'value': 20};tap_chi;Bìa mềm
182149625;Tạp chí ELLE tháng 5/2022;;available;65000;0;65000;0;5.0;2;{'text': 'Đã bán 35', 'value': 35};tap_chi;Bìa mềm
55879555;J.O.Y - Issue 3: Những Giấc Mơ Nở Rộ;.;available;129000;41280;87720;32;4.7;72;{'text': 'Đã bán 623', 'value': 623};tap_chi;Bìa mềm
160820931;Tạp chí ELLE DECORATION tháng 1/2022;;available;100000;0;100000;0;4.8;13;{'text': 'Đã bán 74', 'value': 74};tap_chi;Bìa mềm
189180183;Tạp chí Forbes Việt Nam - Số 107 (Tháng 07.2022);nhieu tac gia;available;95000;0;95000;0;5.0;2;{'text': 'Đã bán 36', 'value': 36};tap_chi;Bìa mềm
192453566;Tạp chí HARPER'S BAZAAR Tháng 08/2022;;available;64000;0;64000;0;5.0;2;{'text': 'Đã bán 13', 'value': 13};tap_chi;Bìa cứng
159396831;Tạp chí Đẹp T1-2/2-2022 (số 265);;available;65000;0;65000;0;4.5;2;{'text': 'Đã bán 21', 'value': 21};tap_chi;Bìa mềm
54698096;"Tạp chí Wowweekend vol 3 - Ấn phẩm ""REFRESH"" cho mùa hè 2020";;available;69000;0;69000;0;4.0;23;{'text': 'Đã bán 172', 'value': 172};tap_chi;
168181417;Hoa Học Trò Số 1377;nhieu tac gia;available;20000;1000;19000;5;5.0;3;{'text': 'Đã bán 15', 'value': 15};tap_chi;
150372991;Hoa Học Trò Số 1371;nhieu tac gia;available;20000;1000;19000;5;5.0;3;{'text': 'Đã bán 14', 'value': 14};tap_chi;
997027;Graphics 02 - Draw The Lines;BBT Tạp chí Graphics;available;119000;23900;95100;20;4.8;61;{'text': 'Đã bán 419', 'value': 419};tap_chi;
178566808;Tạp chí Forbes Việt Nam - Số 105 (Tháng 05.2022) ;nhieu tac gia;available;95000;0;95000;0;5.0;6;{'text': 'Đã bán 56', 'value': 56};tap_chi;Bìa mềm
174439150;Tạp chí Forbes Việt Nam - Số 104 (Tháng 04.2022) ;nhieu tac gia;available;95000;0;95000;0;5.0;3;{'text': 'Đã bán 47', 'value': 47};tap_chi;Bìa mềm
109550607;Combo 3 cuốn số 92, 93, 94 (Tháng 4,5,6. 2021);nhieu tac gia;available;115000;0;115000;0;4.2;13;{'text': 'Đã bán 60', 'value': 60};tap_chi;Bìa mềm
159396831;Tạp chí Đẹp T1-2/2-2022 (số 265);;available;65000;0;65000;0;4.5;2;{'text': 'Đã bán 21', 'value': 21};tap_chi;Bìa mềm
54698096;"Tạp chí Wowweekend vol 3 - Ấn phẩm ""REFRESH"" cho mùa hè 2020";;available;69000;0;69000;0;4.0;23;{'text': 'Đã bán 172', 'value': 172};tap_chi;
168181417;Hoa Học Trò Số 1377;nhieu tac gia;available;20000;1000;19000;5;5.0;3;{'text': 'Đã bán 15', 'value': 15};tap_chi;
150372991;Hoa Học Trò Số 1371;nhieu tac gia;available;20000;1000;19000;5;5.0;3;{'text': 'Đã bán 14', 'value': 14};tap_chi;
145277203;Tạp Chí Nội Thất số 313 (Tháng 12-2021);;available;34500;0;34500;0;4.8;9;{'text': 'Đã bán 46', 'value': 46};tap_chi;Bìa mềm
181680961;Tuổi Trẻ Cuối Tuần số 19 phát hành ngày 22-5-2022;;available;14500;0;14500;0;5.0;1;{'text': 'Đã bán 16', 'value': 16};tap_chi;Bìa mềm
438053;Làng Báo Sài Gòn;Philippe M.F.Peycam;available;145000;43500;101500;30;4.7;15;{'text': 'Đã bán 360', 'value': 360};tap_chi;Bìa mềm
22634378;J.O.Y – Issue 1: Lấp lánh;.;available;159000;47700;111300;30;4.2;68;{'text': 'Đã bán 1119', 'value': 1119};tap_chi;Bìa mềm
178216960;Tuổi Trẻ Cuối Tuần số 17 phát hành ngày 08-5-2022;;available;14500;0;14500;0;5.0;1;{'text': 'Đã bán 5', 'value': 5};tap_chi;Bìa mềm
174808400;Tuổi Trẻ Cuối Tuần số 14 phát hành ngày 17-4-2022 ;;available;14500;0;14500;0;5.0;1;{'text': 'Đã bán 4', 'value': 4};tap_chi;Bìa mềm
179864896;Tuổi Trẻ Cuối Tuần số 18 phát hành ngày 15-5-2022;;available;14500;0;14500;0;5.0;1;{'text': 'Đã bán 3', 'value': 3};tap_chi;Bìa mềm
149411663;Tuổi Trẻ cười phát hành ngày 15-12-2021;;available;14500;0;14500;0;5.0;7;{'text': 'Đã bán 32', 'value': 32};tap_chi;Bìa mềm
127380591;Tạp chí Forbes Việt Nam - Số 98 (Tháng 10.2021);nhieu tac gia;available;95000;0;95000;0;4.8;10;{'text': 'Đã bán 78', 'value': 78};tap_chi;Bìa mềm
109549704;Tạp chí Forbes Việt Nam - Số 95 (Tháng 7.2021);nhieu tac gia;available;95000;0;95000;0;5.0;11;{'text': 'Đã bán 71', 'value': 71};tap_chi;Bìa mềm
153993118;Tạp chí Forbes Việt Nam - Số 101 (Tháng 01.2022);nhieu tac gia;available;95000;0;95000;0;5.0;12;{'text': 'Đã bán 88', 'value': 88};tap_chi;
91419349;Tạp chí Forbes Việt Nam - Số 92 (Tháng 4.2021);nhieu tac gia;available;45000;0;45000;0;5.0;20;{'text': 'Đã bán 100', 'value': 100};tap_chi;Bìa mềm
193101284;Tạp chí Nội Thất số 321 (Tháng 08-2022);;available;34500;0;34500;0;5.0;1;{'text': 'Đã bán 10', 'value': 10};tap_chi;Bìa mềm
180399935;Hoa Học Trò Số 1382;nhieu tac gia;available;20000;1000;19000;5;5.0;1;{'text': 'Đã bán 10', 'value': 10};tap_chi;
188473432;Hoa Học Trò Số 1384;nhieu tac gia;available;19000;0;19000;0;5.0;1;{'text': 'Đã bán 7', 'value': 7};tap_chi;
188128488;Tạp chí ELLE Man tháng 06/2022;;available;60000;0;60000;0;5.0;2;{'text': 'Đã bán 13', 'value': 13};tap_chi;Bìa mềm
136853143;Tạp chí Văn nghệ Quân đội số 975 (cuối tháng 10/2021);;available;23900;0;23900;0;5.0;3;{'text': 'Đã bán 10', 'value': 10};tap_chi;Bìa mềm
92711202;TẠP CHÍ WANDERLUST TIPS THÁNG 12/2020 (Vol. 45);;available;75000;0;75000;0;5.0;7;{'text': 'Đã bán 34', 'value': 34};tap_chi;Bìa mềm
158853736;Tuổi Trẻ Cười số 02 - phát hành ngày 15-01-2022;;available;14500;0;14500;0;5.0;3;{'text': 'Đã bán 38', 'value': 38};tap_chi;Bìa mềm
183223192;Tuổi Trẻ Cuối Tuần số 20 phát hành ngày 29-5-2022;;available;14500;0;14500;0;5.0;1;{'text': 'Đã bán 6', 'value': 6};tap_chi;Bìa mềm
11658340;Kilala tập 34 | Cẩm nang văn hóa - du lịch và mua sắm Nhật Bản;;available;28500;0;28500;0;5.0;9;{'text': 'Đã bán 49', 'value': 49};tap_chi;Bìa mềm
172677732;Tạp chí Đẹp T03-04/2022 (số 266);;available;65000;0;65000;0;5.0;2;{'text': 'Đã bán 15', 'value': 15};tap_chi;Bìa mềm
176522584;Hoa Học Trò Số 1380;nhieu tac gia;available;20000;1000;19000;5;5.0;1;{'text': 'Đã bán 8', 'value': 8};tap_chi;
124185517;Tạp chí ELLE tháng 9/2021;;available;65000;0;65000;0;4.6;7;{'text': 'Đã bán 36', 'value': 36};tap_chi;Bìa mềm
135291319;Tạp chí Forbes Việt Nam - Số 99 (Tháng 11.2021);nhieu tac gia;available;95000;0;95000;0;5.0;11;{'text': 'Đã bán 73', 'value': 73};tap_chi;Bìa mềm
155580229;Tạp chí Kiến Trúc và Đời Sống số 188- Xuân Nhâm Dần (Tháng 1& 2.2022);Nhiều;available;60000;0;60000;0;5.0;6;{'text': 'Đã bán 38', 'value': 38};tap_chi;Bìa mềm
188687014;Tạp chí ELLE Man tháng 6/2022-BINZ - SOOBIN;;available;60000;0;60000;0;5.0;1;{'text': 'Đã bán 6', 'value': 6};tap_chi;Bìa mềm
189051795;Tuổi Trẻ Cuối Tuần số 25 phát hành ngày 03-7-2022;;available;14500;0;14500;0;5.0;1;{'text': 'Đã bán 4', 'value': 4};tap_chi;Bìa mềm
96398159;TẠP CHÍ WANDERLUST TIPS THÁNG 11.2019 (VOL 40);;available;75000;0;75000;0;5.0;3;{'text': 'Đã bán 15', 'value': 15};tap_chi;Bìa mềm
164534965;Nhà Văn Và Cuộc Sống (Bộ Mới - 7 Số Đầu Tiên) (Hội Nhà Văn Việt Nam);Hội Nhà Văn;available;548000;0;548000;0;5.0;1;{'text': 'Đã bán 2', 'value': 2};tap_chi;Bìa mềm
101958467;Tạp chí Đẹp T5-6/2021 (số 261);;available;65000;0;65000;0;4.8;11;{'text': 'Đã bán 59', 'value': 59};tap_chi;Bìa mềm
186191845;Tuổi Trẻ Cười số 11 phát hành ngày 15-6-2022;;available;14500;0;14500;0;5.0;1;{'text': 'Đã bán 10', 'value': 10};tap_chi;Bìa mềm
191013400;Tuổi Trẻ Cười số 13 phát hành ngày 15-7-2022;;available;14500;0;14500;0;3.0;1;{'text': 'Đã bán 7', 'value': 7};tap_chi;Bìa mềm
98285587;Tạp chí ELLE tháng 5/2021;;available;65000;0;65000;0;4.7;3;{'text': 'Đã bán 18', 'value': 18};tap_chi;Bìa mềm
184587613;Tuổi Trẻ Cuối Tuần số 21 phát hành ngày 05-6-2022;;available;14500;0;14500;0;5.0;1;{'text': 'Đã bán 4', 'value': 4};tap_chi;Bìa mềm
174808484;Tuổi Trẻ Cười số 7 phát hành ngày 15-4-2022;;available;14500;0;14500;0;5.0;1;{'text': 'Đã bán 17', 'value': 17};tap_chi;Bìa mềm
96594214;TẠP CHÍ WANDERLUST TIPS - THÁNG 9.2019 (VOL 38);;available;60000;0;60000;0;5.0;4;{'text': 'Đã bán 20', 'value': 20};tap_chi;Bìa mềm
176533214;Tuổi Trẻ Cuối Tuần số 15 phát hành ngày 24-4-2022;;available;14500;0;14500;0;5.0;1;{'text': 'Đã bán 6', 'value': 6};tap_chi;Bìa mềm
185656889;Tuổi Trẻ Cuối Tuần số 22 phát hành ngày 12-6-2022;;available;14500;0;14500;0;5.0;1;{'text': 'Đã bán 4', 'value': 4};tap_chi;Bìa mềm
11547107;Kilala tập 35 | Cẩm nang văn hóa - du lịch và mua sắm Nhật Bản;;available;28500;0;28500;0;5.0;4;{'text': 'Đã bán 46', 'value': 46};tap_chi;Bìa mềm
123892983;Tạp chí Forbes Việt Nam - Số 96+97 (Tháng 8+9.2021);nhieu tac gia;available;95000;0;95000;0;4.8;16;{'text': 'Đã bán 87', 'value': 87};tap_chi;Bìa mềm
95716615;TẠP CHÍ WANDERLUST TIPS THÁNG 1.2020 (VOL 42);;available;75000;0;75000;0;5.0;5;{'text': 'Đã bán 22', 'value': 22};tap_chi;Bìa mềm
109549704;Tạp chí Forbes Việt Nam - Số 95 (Tháng 7.2021);nhieu tac gia;available;95000;0;95000;0;5.0;11;{'text': 'Đã bán 71', 'value': 71};tap_chi;Bìa mềm
146936995;Tạp chí Kiến Trúc và Đời Sống bộ 4 cuốn (từ tháng 5 đến tháng 8 năm 2021);;available;130000;0;130000;0;5.0;3;{'text': 'Đã bán 16', 'value': 16};tap_chi;Bìa mềm
193053059;Tuổi Trẻ Cười số 14 phát hành ngày 01-8-2022;;available;14500;0;14500;0;3.0;1;{'text': 'Đã bán 3', 'value': 3};tap_chi;Bìa mềm
189263956;Tạp chí Nội Thất 320 (Tháng 7-2022);;available;34500;0;34500;0;5.0;1;{'text': 'Đã bán 11', 'value': 11};tap_chi;Bìa mềm
73374144;Tạp chí TravelMag - Vietnam Traveller số 37;;available;120000;0;120000;0;5.0;22;{'text': 'Đã bán 97', 'value': 97};tap_chi;
155553587;Tạp chí Nội Thất Xuân số 314+315 (Tháng 1.2022);;available;55000;0;55000;0;5.0;7;{'text': 'Đã bán 48', 'value': 48};tap_chi;Bìa mềm
47971585;Kilala tập 41 | Cẩm nang văn hóa - du lịch và mua sắm Nhật Bản;;available;28500;0;28500;0;4.8;10;{'text': 'Đã bán 77', 'value': 77};tap_chi;Bìa mềm
130271687;Tuổi Trẻ Cười phát hành ngày 15/10/2021 (số 677);;available;14500;0;14500;0;5.0;3;{'text': 'Đã bán 25', 'value': 25};tap_chi;Bìa mềm
58709712;Hoa Học Trò Số 1320;.;available;30000;1500;28500;5;4.1;7;{'text': 'Đã bán 22', 'value': 22};tap_chi;
11676848;Kilala tập 30 | Cẩm nang văn hóa - du lịch và mua sắm Nhật Bản;;available;28500;0;28500;0;4.8;9;{'text': 'Đã bán 35', 'value': 35};tap_chi;Bìa mềm
88095819;Tạp Chí Nội Thất số 307 (Tháng 04-2021);;available;34500;0;34500;0;4.8;11;{'text': 'Đã bán 93', 'value': 93};tap_chi;Bìa mềm
42407706;Tạp Chí Pi - Tập 3, Số 9 (Tháng 9/2019);;available;30000;0;30000;0;4.8;13;{'text': 'Đã bán 141', 'value': 141};tap_chi;
153993118;Tạp chí Forbes Việt Nam - Số 101 (Tháng 01.2022);nhieu tac gia;available;95000;0;95000;0;5.0;12;{'text': 'Đã bán 88', 'value': 88};tap_chi;
170870058;Hoa Học Trò Số 1378;nhieu tac gia;available;20000;1000;19000;5;5.0;3;{'text': 'Đã bán 23', 'value': 23};tap_chi;
157203194;Tuổi Trẻ Cười Xuân phát hành ngày 10-01-2022;;available;32500;0;32500;0;5.0;15;{'text': 'Đã bán 63', 'value': 63};tap_chi;Bìa mềm
516404;Báo Chí Lương Tâm;Đỗ Đình Tấn;available;75000;22500;52500;30;4.7;7;{'text': 'Đã bán 232', 'value': 232};tap_chi;Bìa mềm
102582184;Tạp chí Nội Thất số 309 (Tháng 06.2021);;available;34500;0;34500;0;4.8;13;{'text': 'Đã bán 105', 'value': 105};tap_chi;Bìa mềm
57220960;Tạp chí TravelMag - Vietnam Traveller số 36;;available;120000;0;120000;0;5.0;22;{'text': 'Đã bán 167', 'value': 167};tap_chi;
143018755;THỊNH VƯỢNG CÓ PHONG CÁCH - DOUBLE THE JOY;;available;250000;0;250000;0;5.0;3;{'text': 'Đã bán 37', 'value': 37};tap_chi;
49247371;Cá Koi (Tập 4);.;available;165000;0;165000;0;4.0;1;{'text': 'Đã bán 43', 'value': 43};tap_chi;Bìa mềm
127218965;Sách Bộ sưu tập Cổ Vật Trung Hoa;Phạm Hy Tùng;available;918000;0;918000;0;0.0;0;{'text': 'Đã bán 1', 'value': 1};tap_chi;Bìa mềm
76277900;Kilala tập 44 | Cẩm nang văn hóa - du lịch và mua sắm Nhật Bản;;available;58500;0;58500;0;5.0;17;{'text': 'Đã bán 62', 'value': 62};tap_chi;Bìa mềm
76725753;"Tạp chí Wowweekend vol 5 - Ấn phẩm ""Những câu chuyện thành thị""";;available;115000;0;115000;0;4.5;4;{'text': 'Đã bán 20', 'value': 20};tap_chi;Bìa cứng
34642450;Kilala tập 36 | Cẩm nang văn hóa - du lịch và mua sắm Nhật Bản;;available;28500;0;28500;0;4.7;7;{'text': 'Đã bán 88', 'value': 88};tap_chi;Bìa mềm
47536222;Tạp chí Wowweekend vol 2 Xuân Canh Tý 2020;`;available;59000;0;59000;0;5.0;12;{'text': 'Đã bán 135', 'value': 135};tap_chi;Bìa mềm
78017628;Tạp chí TravelMag - Vietnam Traveller số 38;;available;120000;0;120000;0;5.0;12;{'text': 'Đã bán 54', 'value': 54};tap_chi;
445644;Báo Tuổi Trẻ - 40 Năm Hình Thành và Phát Triển;.;available;170000;51000;119000;30;5.0;4;{'text': 'Đã bán 96', 'value': 96};tap_chi;Bìa mềm
137254371;Tạp chí Nội Thất số 312 (Tháng 11-2021);;available;34500;0;34500;0;5.0;8;{'text': 'Đã bán 74', 'value': 74};tap_chi;Bìa mềm
45353399;Tạp chí Khoa Học Làn Da Skinmag;;available;120000;2400;117600;2;4.5;17;{'text': 'Đã bán 157', 'value': 157};tap_chi;Bìa cứng
183315325;"Tạp chí Wowweekend vol 7 - Ấn phẩm ""Dưỡng""";;available;115000;0;115000;0;0.0;0;{'text': 'Đã bán 4', 'value': 4};tap_chi;Bìa mềm
87116908;Tạp chí Đẹp T03-04/2021 (số 260);;available;65000;0;65000;0;4.8;6;{'text': 'Đã bán 53', 'value': 53};tap_chi;Bìa mềm
103375292;Tạp chí Forbes Việt Nam - Số 94 (Tháng 6.2021);nhieu tac gia;available;45000;0;45000;0;5.0;18;{'text': 'Đã bán 93', 'value': 93};tap_chi;Bìa mềm
116455384;Tạp chí Đẹp T7- 8/2021 (số 262);;available;65000;0;65000;0;4.7;3;{'text': 'Đã bán 19', 'value': 19};tap_chi;Bìa mềm
21762965;Cá Koi (Tập 1);.;available;165000;0;165000;0;4.5;4;{'text': 'Đã bán 105', 'value': 105};tap_chi;Bìa mềm
79007385;Tạp chí Nội Thất số 282 (Tháng 03-2019);;available;27000;0;27000;0;4.5;8;{'text': 'Đã bán 47', 'value': 47};tap_chi;Bìa mềm
192742028;Tạp chí Forbes Việt Nam - Số 108 (Tháng 08.2022) ;nhieu tac gia;available;95000;0;95000;0;0.0;0;{'text': 'Đã bán 23', 'value': 23};tap_chi;Bìa mềm
91419349;Tạp chí Forbes Việt Nam - Số 92 (Tháng 4.2021);nhieu tac gia;available;45000;0;45000;0;5.0;20;{'text': 'Đã bán 100', 'value': 100};tap_chi;Bìa mềm
96446613;Tạp chí Forbes Việt Nam - Số 93 (Tháng 5.2021);nhieu tac gia;available;45000;0;45000;0;5.0;19;{'text': 'Đã bán 103', 'value': 103};tap_chi;Bìa mềm
191776512;Tạp chí Đẹp T7-8/2022 (số 268);;available;65000;0;65000;0;0.0;0;{'text': 'Đã bán 5', 'value': 5};tap_chi;Bìa mềm
68837272;Tạp Chí Sức Khỏe Số 195 - Thông tin Sức khỏe dành cho mọi nhà;;available;28000;0;28000;0;5.0;1;{'text': 'Đã bán 1', 'value': 1};tap_chi;
516438;Nhanh, Đúng, Trúng, Hay - Những Tản Mạn Về Nghề Báo;Hải Đường;available;40000;12000;28000;30;4.5;2;{'text': 'Đã bán 224', 'value': 224};tap_chi;Bìa mềm
23872596;Tạp Chí Pi - Tập 3, Số 4 (Tháng 4/2019);Hội Toán Học Việt Nam;available;30000;0;30000;0;5.0;12;{'text': 'Đã bán 269', 'value': 269};tap_chi;
1005218;Pi Tạp Chí Toán Học - Tháng 10/2017;;available;25000;0;25000;0;4.8;8;{'text': 'Đã bán 326', 'value': 326};tap_chi;Bìa mềm
109891226;Tạp chí Nội Thất số 310 (Tháng 07.2021);;available;34500;0;34500;0;5.0;10;{'text': 'Đã bán 73', 'value': 73};tap_chi;Bìa mềm
136143258;"Tạp chí Wowweekend vol 6 - Ấn phẩm ""HÀNH TRÌNH UP MOOD""";;available;115000;0;115000;0;5.0;2;{'text': 'Đã bán 12', 'value': 12};tap_chi;Bìa cứng
3669627;Tạp Chí Pi - Tập 2, Số 8 (Tháng 8/2018);.;available;25000;0;25000;0;5.0;3;{'text': 'Đã bán 282', 'value': 282};tap_chi;Bìa mềm
68788721;Tạp Chí Sức Khỏe Số Đặc biệt 193-194  - Thông tin Sức khỏe dành cho mọi nhà;;available;55000;0;55000;0;5.0;1;{'text': 'Đã bán 2', 'value': 2};tap_chi;
10582128;Tạp Chí Pi - Tập 2, Số 12 (Tháng 12/2018);;available;25000;0;25000;0;4.8;5;{'text': 'Đã bán 274', 'value': 274};tap_chi;Bìa cứng
10111559;Combo BTS Con Đường Khẳng Định Chính Mình và Hành Trình Đến Gần Thần Tượng;Fandom Media;available;166500;0;166500;0;3.5;2;{'text': 'Đã bán 53', 'value': 53};tap_chi;Bìa mềm
67835565;Tạp chí Wowweekend vol 4 - Ấn phẩm “Núi rừng Việt Nam” 2020;;available;85000;0;85000;0;5.0;9;{'text': 'Đã bán 52', 'value': 52};tap_chi;
34642443;Cẩm Nang Kilala tập 33;;available;25000;0;25000;0;5.0;2;{'text': 'Đã bán 11', 'value': 11};tap_chi;Bìa mềm
53438976;Kilala Vol 42: Olympic Tokyo 2020 và những điều bạn chưa biết;;available;28500;0;28500;0;5.0;13;{'text': 'Đã bán 84', 'value': 84};tap_chi;Bìa mềm
43980017;Cá Koi (Tập 3);.;available;165000;0;165000;0;5.0;1;{'text': 'Đã bán 52', 'value': 52};tap_chi;Bìa mềm
170383580;Cá Koi (Tập 12);nhieu tac gia;available;165000;0;165000;0;0.0;0;{'text': 'Đã bán 3', 'value': 3};tap_chi;Bìa mềm
73643261;Cá Koi (Tập 7);;available;165000;0;165000;0;5.0;2;{'text': 'Đã bán 19', 'value': 19};tap_chi;Bìa mềm
157841675;Combo 3 cuốn (Tập 7, 8, 9): Cá Koi Vietnam - Guide to Nishikigoi Life;nhieu tac gia;available;480000;0;480000;0;0.0;0;{'text': 'Đã bán 4', 'value': 4};tap_chi;Bìa mềm
55261363;Cá Koi (Tập 5);.;available;165000;0;165000;0;5.0;2;{'text': 'Đã bán 36', 'value': 36};tap_chi;Bìa mềm
173568964;Combo 3 cuốn (Tập 10, 11, 12): Cá Koi Vietnam - Guide to Nishikigoi Life;nhieu tac gia;available;480000;0;480000;0;0.0;0;{'text': 'Đã bán 1', 'value': 1};tap_chi;Bìa mềm
2871261;Tạp Chí Đồng Hành Số 21;;available;26000;0;26000;0;0.0;0;{'text': 'Đã bán 5', 'value': 5};tap_chi;Bìa mềm
149876182;CHÚ CHÓ THÔNG MINH VÀ TỐT BỤNG (TẬP 2);Việt An;available;45000;25000;20000;56;0.0;0;{'text': 'Đã bán 1', 'value': 1};tap_chi;Bìa cứng
97993407;Cá Koi (Tập 9);nhieu tac gia;available;165000;0;165000;0;5.0;1;{'text': 'Đã bán 6', 'value': 6};tap_chi;Bìa mềm
30689227;Cá Koi (Tập 2) ;.;available;165000;0;165000;0;5.0;3;{'text': 'Đã bán 64', 'value': 64};tap_chi;Bìa mềm
82528140;Cá Koi (Tập 8);nhieu tac gia;available;165000;0;165000;0;5.0;2;{'text': 'Đã bán 16', 'value': 16};tap_chi;Bìa mềm
157841614;Combo 3 cuốn (Tập 4, 5, 6): Cá Koi Vietnam - Guide to Nishikigoi Life;nhieu tac gia;available;480000;0;480000;0;0.0;0;{'text': 'Đã bán 4', 'value': 4};tap_chi;Bìa mềm
2799987;Tạp Chí Đồng Hành Số 2;Hoàng Mạnh Hà;available;26000;0;26000;0;0.0;0;{'text': 'Đã bán 4', 'value': 4};tap_chi;Bìa mềm
151505576;Cá Koi (Tập 11);nhieu tac gia;available;165000;0;165000;0;0.0;0;{'text': 'Đã bán 6', 'value': 6};tap_chi;Bìa mềm
157841888;Combo 3 cuốn (Tập 1, 2, 3): Cá Koi Vietnam - Guide to Nishikigoi Life;nhieu tac gia;available;480000;0;480000;0;5.0;1;{'text': 'Đã bán 4', 'value': 4};tap_chi;Bìa mềm
2800013;Tạp Chí Đồng Hành Số 15;Hoàng Mạnh Hà;available;26000;0;26000;0;0.0;0;;tap_chi;Bìa mềm
10124664;Tạp chí Đồng Hành số 28;Hoàng Mạnh Hà;available;26000;0;26000;0;0.0;0;{'text': 'Đã bán 7', 'value': 7};tap_chi;Bìa mềm
2686429;Tạp Chí Đồng Hành Số 19;Hoàng Mạnh Hà;available;26000;0;26000;0;0.0;0;{'text': 'Đã bán 7', 'value': 7};tap_chi;Bìa mềm
2800003;Tạp Chí Đồng Hành Số 10;Hoàng Mạnh Hà;available;26000;0;26000;0;0.0;0;;tap_chi;Bìa mềm
2686427;Tạp Chí Đồng Hành Số 18;Hoàng Mạnh Hà;available;26000;0;26000;0;0.0;0;{'text': 'Đã bán 6', 'value': 6};tap_chi;Bìa mềm
2799999;Tạp Chí Đồng Hành Số 8;Hoàng Mạnh Hà;available;26000;0;26000;0;0.0;0;{'text': 'Đã bán 6', 'value': 6};tap_chi;Bìa mềm
158903387;Cẩm Nang tư vấn Tuyển sinh ĐH-CĐ năm 2022;;available;25000;0;25000;0;4.7;25;{'text': 'Đã bán 161', 'value': 161};tap_chi;Bìa mềm
77222659;Sách - How money works - Hiểu hết về tiền (tặng kèm bookmark thiết kế);.;available;260000;0;260000;0;5.0;2;{'text': 'Đã bán 23', 'value': 23};tap_chi;
109228134;Tuổi trẻ cười: Chiến dịch tiêm Vắc xin Covid-19 (số 670 ngày 01-7-2021);;available;14500;0;14500;0;5.0;5;{'text': 'Đã bán 31', 'value': 31};tap_chi;
94381798;TẠP CHÍ WANDERLUST TIPS THÁNG 4.2021 (Vol. 46);;available;75000;0;75000;0;5.0;9;{'text': 'Đã bán 53', 'value': 53};tap_chi;
181698921;TẠP CHÍ WANDERLUST TIPS THÁNG 5.2022;;available;75000;0;75000;0;5.0;1;{'text': 'Đã bán 18', 'value': 18};tap_chi;Bìa mềm
151665365;Tạp chí ELLE tháng 12/2021; ;available;65000;0;65000;0;5.0;5;{'text': 'Đã bán 19', 'value': 19};tap_chi;Bìa mềm
96594317;TẠP CHÍ WANDERLUST TIPS THÁNG 8.2019 (VOL 37);;available;60000;0;60000;0;5.0;2;{'text': 'Đã bán 25', 'value': 25};tap_chi;Bìa mềm
192164830;Tạp chí ELLE tháng 7/2022;;available;65000;0;65000;0;0.0;0;{'text': 'Đã bán 19', 'value': 19};tap_chi;Bìa mềm
106348426;Vòng Quanh Thế Giới Board Game - Sách Độc Quyền Fahasa - Tặng Kèm Poster 40x60cm Idol Game + Game Vòng Quanh Thế Giới + 01 Tờ Hướng Dẫn Cắt, Gấp Xí Ngầu In Màu;.;available;85000;22000;63000;26;5.0;1;{'text': 'Đã bán 9', 'value': 9};tap_chi;
58381490;Tạp chí Kiến Trúc và Đời Sống bộ 2019;1;available;250000;0;250000;0;4.6;14;{'text': 'Đã bán 120', 'value': 120};tap_chi;Bìa mềm
178476045;Tạp chí ELLE tháng 4/2022; ;available;65000;0;65000;0;0.0;0;{'text': 'Đã bán 12', 'value': 12};tap_chi;
161913510;Tạp chí Toán học và Tuổi trẻ 2021;;available;240000;0;240000;0;4.7;3;{'text': 'Đã bán 19', 'value': 19};tap_chi;
564297;Viết Báo & Theo Đuổi Sự Kiện;Nhà báo Hàn Ni;available;56000;9000;47000;16;5.0;1;{'text': 'Đã bán 36', 'value': 36};tap_chi;Bìa mềm
188785952;Hoa Học Trò Số 1385 - Tặng Kèm Poster Brightwin;nhieu tac gia;available;19000;0;19000;0;0.0;0;{'text': 'Đã bán 8', 'value': 8};tap_chi;
58709407;Tủ Sách Gõ Cửa Tương Lai - Vút Bay Đến Bầu Trời Xanh Nước Anh;.;available;90000;4500;85500;5;4.0;4;{'text': 'Đã bán 11', 'value': 11};tap_chi;
68399142;Tạp chí Kiến Trúc và Đời Sống bộ 4 cuốn 2020 (tháng 1,2,3,4);1;available;86000;0;86000;0;4.6;14;{'text': 'Đã bán 82', 'value': 82};tap_chi;Bìa mềm
184234797;Tạp chí HARPER'S BAZAAR Tháng 06/2022;;available;64000;0;64000;0;0.0;0;{'text': 'Đã bán 16', 'value': 16};tap_chi;Bìa cứng
91935610;Hoa Học Trò Số 1357 - Tặng Kèm Fanbook #RapVocals + 2 Mega Poster RM (BTS) & Cung Tuấn - Trương Triết Hạn;.;available;30000;1500;28500;5;4.7;6;{'text': 'Đã bán 22', 'value': 22};tap_chi;
154490388;Tuổi Trẻ Cuối tuần số 01 phát hành ngày 02-01-2022;;available;14500;0;14500;0;5.0;4;{'text': 'Đã bán 21', 'value': 21};tap_chi;Bìa mềm
87106861;Tạp chí Kiến Trúc và Đời Sống số 179 (Tháng 4.2021);nhieu tac gia;available;29500;0;29500;0;5.0;9;{'text': 'Đã bán 42', 'value': 42};tap_chi;Bìa mềm
177497256;Tạp chí HARPER'S BAZAAR Tháng 05/2022_Bìa 2;;available;64000;0;64000;0;0.0;0;{'text': 'Đã bán 14', 'value': 14};tap_chi;Bìa cứng
1955479;School 2015: Who Are You;KBS;available;179000;8950;170050;5;5.0;1;{'text': 'Đã bán 2', 'value': 2};tap_chi;Bìa mềm
95648941;Tạp chí Wanderlust Tips tháng 6.2020 (Vol 44);;available;75000;0;75000;0;5.0;2;{'text': 'Đã bán 12', 'value': 12};tap_chi;Bìa mềm
142419393;Tạp chí ELLE tháng 11/2021;;available;65000;0;65000;0;5.0;11;{'text': 'Đã bán 43', 'value': 43};tap_chi;Bìa gập
96396116;TẠP CHÍ WANDERLUST TIPS THÁNG 12.2019 (VOL.41);;available;75000;0;75000;0;5.0;2;{'text': 'Đã bán 7', 'value': 7};tap_chi;Bìa mềm
153038925;Tạp chí Kiến Trúc và Đời Sống bộ 10 cuốn năm 2019;;available;220000;0;220000;0;0.0;0;{'text': 'Đã bán 2', 'value': 2};tap_chi;Bìa mềm
87044582;Nhị Nguyên (Dzung Yoko Artbook);Dzung Yoko;available;300000;30000;270000;10;5.0;2;{'text': 'Đã bán 9', 'value': 9};tap_chi;
113070763;Tạp chí CHUYÊN ĐỀ DU THUYỀN - NAVIGATOR EP02;;available;150000;0;150000;0;4.5;2;{'text': 'Đã bán 4', 'value': 4};tap_chi;Bìa mềm
149352101;Tạp chí ELLE DECORATION tháng 12/2021; ;available;100000;0;100000;0;5.0;9;{'text': 'Đã bán 42', 'value': 42};tap_chi;Bìa mềm
58687335;Tạp chí Kiến Trúc và Đời Sống bộ 2018;1;available;200000;0;200000;0;4.7;10;{'text': 'Đã bán 50', 'value': 50};tap_chi;Bìa mềm
186139549;Cá Koi (Tập 13);nhieu tac gia;available;165000;0;165000;0;0.0;0;;tap_chi;Bìa mềm
144176934;Tạp chí ELLE tháng 11/2021( Bìa 1);;available;65000;0;65000;0;5.0;4;{'text': 'Đã bán 10', 'value': 10};tap_chi;Bìa gập
154853066;Sách: 18 Gia Tộc Kinh Doanh Tiêu Biểu: TINH HOA KẾ THỪA;Tạp chí Nhịp Cầu Đầu Tư;available;880000;0;880000;0;0.0;0;{'text': 'Đã bán 3', 'value': 3};tap_chi;Bìa mềm
83921591;Tạp chí NỮ DOANH NHÂN số 134 phát hành tháng 10/2020;;available;115000;0;115000;0;0.0;0;{'text': 'Đã bán 5', 'value': 5};tap_chi;
160306456;Tạp chí CHUYÊN ĐỀ DU THUYỀN NAVIGATOR EP.03;;available;150000;0;150000;0;5.0;1;{'text': 'Đã bán 3', 'value': 3};tap_chi;Bìa mềm
137432748;Sách Thiên Thần Nhỏ - Ấn Phẩm Của Báo Tiền Phong (Số 404) (Tặng poster khổ lớn của SHINee, BTS và board game TWICE cực thú vị);.;available;20000;0;20000;0;0.0;0;{'text': 'Đã bán 2', 'value': 2};tap_chi;Bìa mềm
174599846;Tạp chí HARPER'S BAZAAR Tháng 01/2022;;available;64000;0;64000;0;0.0;0;{'text': 'Đã bán 5', 'value': 5};tap_chi;Bìa cứng
113069607;Tạp chí CHUYÊN ĐỀ DU THUYỀN - NAVIGATOR - EP01;;available;150000;0;150000;0;5.0;1;{'text': 'Đã bán 2', 'value': 2};tap_chi;Bìa mềm
176856136;Tạp chí Tiếp Thị và Gia Đình Tháng 04/22 ;;available;34000;0;34000;0;0.0;0;{'text': 'Đã bán 3', 'value': 3};tap_chi;Bìa cứng
174637796;Tạp chí HARPER'S BAZAAR Tháng 12/2021;;available;64000;0;64000;0;0.0;0;;tap_chi;Bìa cứng
67477124;Tạp chí Kiến Trúc và Đời Sống bộ 2017;.;available;170000;0;170000;0;4.7;7;{'text': 'Đã bán 40', 'value': 40};tap_chi;Bìa mềm
161025045;Tạp chí NỮ DOANH NHÂN số 139 phát hành tháng 01, 02 & 03/2022;;available;115000;0;115000;0;0.0;0;{'text': 'Đã bán 6', 'value': 6};tap_chi;Bìa mềm
145274347;Tuổi Trẻ Cười phát hành ngày 01-12-2021;;available;14500;0;14500;0;5.0;6;{'text': 'Đã bán 32', 'value': 32};tap_chi;Bìa mềm
653848;Quản Lý Và Phát Triển Thông Tin Báo Chí Ở Việt Nam;Đỗ Quý Doãn;available;85000;0;85000;0;5.0;1;{'text': 'Đã bán 3', 'value': 3};tap_chi;Bìa mềm
116055772;Tuổi Trẻ Cười: Bán nguyệt san châm biếm và trào phúng (số 672 ngày 01/8/2021);;available;14500;0;14500;0;5.0;7;{'text': 'Đã bán 39', 'value': 39};tap_chi;Bìa mềm
1191813;Gia Định Báo - Tờ Báo Việt Ngữ Đầu Tiên;.;available;84000;0;84000;0;0.0;0;;tap_chi;Bìa mềm
89213218;Tạp chí Kiến Trúc và Đời Sống bộ 4 cuốn (từ tháng 1 đến tháng 4 năm 2021);nhieu tac gia;available;115000;0;115000;0;4.8;19;{'text': 'Đã bán 79', 'value': 79};tap_chi;Bìa mềm
127478036;Tạp chí Kiến Trúc và Đời Sống số 185 (Tháng 10.2021);Nhiều;available;35800;0;35800;0;5.0;6;{'text': 'Đã bán 75', 'value': 75};tap_chi;Bìa mềm
101638138;Tạp chí Kiến Trúc và Đời Sống số 181 (Tháng 6.2021);nhieu tac gia;available;35800;0;35800;0;5.0;15;{'text': 'Đã bán 78', 'value': 78};tap_chi;Bìa mềm
76207313;Tạp chí Kiến Trúc và Đời Sống số 177 - Xuân Tân Sửu (Tháng 2.2021);nhieu tac gia;available;55000;0;55000;0;5.0;12;{'text': 'Đã bán 35', 'value': 35};tap_chi;Bìa mềm
82384711;Hoa Học Trò Số 1326 - Tặng Kèm Lịch Khổ Lớn 2020;.;available;30000;3000;27000;10;5.0;4;{'text': 'Đã bán 11', 'value': 11};tap_chi;
105027798;TẠP CHÍ WANDERLUST TIPS THÁNG 6.2019 (VOL 35);;available;60000;0;60000;0;5.0;1;{'text': 'Đã bán 4', 'value': 4};tap_chi;Bìa mềm
132843371;Tạp chí ELLE tháng 10/2021;;available;65000;0;65000;0;3.0;2;{'text': 'Đã bán 14', 'value': 14};tap_chi;Bìa mềm
174647317;Tạp chí HARPER'S BAZAAR Tháng 11/2021;;available;64000;0;64000;0;0.0;0;;tap_chi;Bìa cứng
116120081;Sách - Chân dung của Dorian Gray;;available;125000;0;125000;0;0.0;0;;tap_chi;
79008966;Tạp chí Kiến Trúc và Đời Sống số 178 (Tháng 3.2021);nhieu tac gia;available;29500;0;29500;0;4.7;6;{'text': 'Đã bán 50', 'value': 50};tap_chi;Bìa mềm
146937039;Tạp chí Kiến Trúc và Đời Sống số 187 (Tháng 12.2021);Nhiều;available;35800;0;35800;0;5.0;5;{'text': 'Đã bán 41', 'value': 41};tap_chi;Bìa mềm
105027681;TẠP CHÍ WANDERLUST TIPS THÁNG 7.2019 (VOL 36);;available;60000;0;60000;0;5.0;2;{'text': 'Đã bán 7', 'value': 7};tap_chi;Bìa mềm
174603581;Tạp chí Tiếp Thị và Gia Đình - Xuân Tháng 01/22;;available;59000;0;59000;0;0.0;0;{'text': 'Đã bán 3', 'value': 3};tap_chi;Bìa cứng
112532632;Tạp chí NỮ DOANH NHÂN số 137 tháng 5,6&7/2021;;available;115000;0;115000;0;5.0;1;{'text': 'Đã bán 2', 'value': 2};tap_chi;
117031515;Tạp chí Kiến Trúc và Đời Sống số 183 (Tháng 8.2021);Nhiều;available;35800;0;35800;0;5.0;5;{'text': 'Đã bán 57', 'value': 57};tap_chi;Bìa mềm
74850590;Tạp chí Kiến Trúc và Đời Sống số 176 (tháng 1.2021);nhieu tac gia;available;29500;0;29500;0;5.0;11;{'text': 'Đã bán 40', 'value': 40};tap_chi;Bìa mềm
58729360;Tạp chí Kiến Trúc và Đời Sống số 171;1;available;29500;0;29500;0;5.0;5;{'text': 'Đã bán 42', 'value': 42};tap_chi;Bìa mềm
90527690;Thiên Thần Nhỏ - Số 403 - Tặng Kèm Poster Khổ Lớn BLACKPINK, Lisa Và Board Game BTS;.;available;20000;1000;19000;5;4.0;2;{'text': 'Đã bán 7', 'value': 7};tap_chi;
146226310;Thiên Thần Nhỏ - Số 414 + 415;.;available;24000;1200;22800;5;0.0;0;{'text': 'Đã bán 3', 'value': 3};tap_chi;
68727258;Tạp chí Kiến Trúc và Đời Sống số 173;.;available;29500;0;29500;0;5.0;6;{'text': 'Đã bán 36', 'value': 36};tap_chi;Bìa mềm
116904719;Sách - Chân dung của Dorian Gray;;available;125000;0;125000;0;0.0;0;;tap_chi;
121643371;Tạp chí Kiến Trúc và Đời Sống số 184 (Tháng 9.2021);Nhiều;available;35800;0;35800;0;5.0;4;{'text': 'Đã bán 40', 'value': 40};tap_chi;Bìa mềm
191142546;Tuổi Trẻ Cuối Tuần số 27 phát hành ngày 17-7-2022;;available;14500;0;14500;0;0.0;0;{'text': 'Đã bán 1', 'value': 1};tap_chi;Bìa mềm
193715135;Tạp chí Kiến Trúc và Đời Sống số 194 (Tháng 8.2022);Nhiều;available;35800;0;35800;0;0.0;0;{'text': 'Đã bán 23', 'value': 23};tap_chi;Bìa mềm
83921235;Tạp chí NỮ DOANH NHÂN số 132+133 phát hành T1&2/2020;;available;161000;0;161000;0;0.0;0;{'text': 'Đã bán 2', 'value': 2};tap_chi;
165626690;Hoa Học Trò Số 1364 - Tặng Kèm Fanbook Khổ Lớn Million Club + 2 Idol Poster BLACKPINK;nhieu tac gia;available;30000;1500;28500;5;5.0;1;{'text': 'Đã bán 3', 'value': 3};tap_chi;
93925269;Tạp chí Kiến Trúc và Đời Sống số 180 (Tháng 5.2021);Nhiều;available;29500;0;29500;0;5.0;14;{'text': 'Đã bán 94', 'value': 94};tap_chi;Bìa mềm
192015809;Tuổi Trẻ Cuối Tuần số 28 phát hành ngày 24-7-2022;;available;14500;0;14500;0;0.0;0;{'text': 'Đã bán 2', 'value': 2};tap_chi;Bìa mềm
160814614;Thiên Thần Nhỏ - Số 424 + 425;nhieu tac gia;available;24000;1200;22800;5;0.0;0;{'text': 'Đã bán 2', 'value': 2};tap_chi;
137430675;Tạp chí Kiến Trúc và Đời Sống số 186 (Tháng 11.2021);Nhiều;available;35800;0;35800;0;4.8;6;{'text': 'Đã bán 42', 'value': 42};tap_chi;Bìa mềm
63923160;Cá Koi (Tập 6);.;available;165000;0;165000;0;5.0;2;{'text': 'Đã bán 30', 'value': 30};tap_chi;Bìa mềm
83677833;Tạp chí NỮ DOANH NHÂN số 128 phát hành T9/2019;;available;115000;0;115000;0;0.0;0;{'text': 'Đã bán 2', 'value': 2};tap_chi;
156233243;Tuổi Trẻ Cuối tuần số 2 phát hành ngày 09-01-2022;;available;14500;0;14500;0;5.0;1;{'text': 'Đã bán 10', 'value': 10};tap_chi;Bìa mềm
88021202;Tạp chí NỮ DOANH NHÂN số 136 phát hành tháng 3&4/2021;;available;115000;0;115000;0;5.0;1;{'text': 'Đã bán 6', 'value': 6};tap_chi;
103474451;Cá Koi - Tập 9;.;available;165000;8250;156750;5;0.0;0;{'text': 'Đã bán 2', 'value': 2};tap_chi;
59344733;Tạp chí Kiến Trúc và Đời Sống số 164 (Xuân 2020);1;available;32000;0;32000;0;5.0;1;{'text': 'Đã bán 7', 'value': 7};tap_chi;Bìa mềm
181456547;Sách - Tiền đấu với Vàng ( Tái bản 2022);James Rickards;available;159000;50000;109000;31;0.0;0;{'text': 'Đã bán 1', 'value': 1};tap_chi;Bìa mềm
157027618;Nhà Văn và Cuộc Sống Số 4;Hội Nhà Văn;available;70000;0;70000;0;0.0;0;{'text': 'Đã bán 3', 'value': 3};tap_chi;Bìa mềm
72026596;Tạp chí Kiến Trúc và Đời Sống số 174 (tháng 11.2020);.;available;29500;0;29500;0;5.0;5;{'text': 'Đã bán 19', 'value': 19};tap_chi;Bìa mềm
77221399;Sách - Mua vé số ngày nào thì dễ trúng (tặng kèm bookmark thiết kế);.;available;77500;0;77500;0;0.0;0;{'text': 'Đã bán 2', 'value': 2};tap_chi;
118007594;Tạp chí Nhà Văn và Cuộc Sống số 1 (Hội Nhà Văn Việt Nam);;available;70000;0;70000;0;5.0;1;{'text': 'Đã bán 5', 'value': 5};tap_chi;Bìa mềm
154982292;Tạp chí NỮ DOANH NHÂN số 138 phát hành tháng 10, 11 & 12/2021;;available;115000;0;115000;0;5.0;1;{'text': 'Đã bán 3', 'value': 3};tap_chi;Bìa mềm
2716615;Nữ Thần Bãi Biển;;available;75000;15000;60000;20;4.0;1;{'text': 'Đã bán 2', 'value': 2};tap_chi;Bìa mềm
171587368;Hoa Học Trò Số 1369;nhieu tac gia;available;20000;1000;19000;5;0.0;0;{'text': 'Đã bán 2', 'value': 2};tap_chi;
157055259;Nhà Văn và Cuộc Sống (Bộ Mới 4 Số);Hội Nhà Văn;available;280000;0;280000;0;0.0;0;{'text': 'Đã bán 2', 'value': 2};tap_chi;Bìa mềm
73622859;Tạp chí Kiến Trúc và Đời Sống số 175 (tháng 12.2020);nhieu tac gia;available;29500;0;29500;0;4.7;6;{'text': 'Đã bán 19', 'value': 19};tap_chi;Bìa mềm
83680302; Tạp chí NỮ DOANH NHÂN số 131 phát hành T12/2019;;available;115000;0;115000;0;0.0;0;{'text': 'Đã bán 1', 'value': 1};tap_chi;
171808082;Tuổi Trẻ Cuối Tuần số 11 phát hành ngày 27-3-2022;;available;14500;0;14500;0;5.0;1;{'text': 'Đã bán 9', 'value': 9};tap_chi;Bìa mềm
120136404;Cá Koi (Tập 10);nhieu tac gia;available;165000;0;165000;0;0.0;0;{'text': 'Đã bán 5', 'value': 5};tap_chi;Bìa mềm
120471494;Cá Koi - Tập 1;.;available;165000;8250;156750;5;0.0;0;{'text': 'Đã bán 1', 'value': 1};tap_chi;
77220946;Sách - Ngụ ngôn Aesop (TB 2020) (tặng kèm bookmark thiết kế);.;available;86499;0;86499;0;0.0;0;{'text': 'Đã bán 1', 'value': 1};tap_chi;
173911159;Thiên Thần Nhỏ - Số 428 + 429;nhieu tac gia;available;24000;1200;22800;5;0.0;0;;tap_chi;
562571;Phản Biện Xã Hội Của Tác Phẩm Báo Chí Việt Nam Qua Các Sự Kiện Nổi Bật (Tái Bản);Phan Văn Kiền;available;60000;0;60000;0;0.0;0;{'text': 'Đã bán 4', 'value': 4};tap_chi;Bìa mềm
135216699;Tạp chí Nhà Văn và Cuộc Sống số 3 (Hội Nhà Văn Việt Nam);Hội Nhà Văn;available;70000;0;70000;0;0.0;0;{'text': 'Đã bán 11', 'value': 11};tap_chi;Bìa mềm
166084656;Thiên Thần Nhỏ - Số 426 + 427;nhieu tac gia;available;24000;1200;22800;5;0.0;0;{'text': 'Đã bán 1', 'value': 1};tap_chi;
108880996;Tạp chí Kiến Trúc và Đời Sống số 182 (Tháng 7.2021);;available;35800;0;35800;0;5.0;3;{'text': 'Đã bán 38', 'value': 38};tap_chi;Bìa mềm
105787354;Tuổi trẻ cười: Bán nguyệt san châm biếm và trào phúng (Số 669-15/6/2021);;available;14500;0;14500;0;5.0;6;{'text': 'Đã bán 32', 'value': 32};tap_chi;
135154454;Tuổi Trẻ Cuối Tuần số 42 phát hành ngày 31/10/2021;;available;14500;0;14500;0;0.0;0;{'text': 'Đã bán 9', 'value': 9};tap_chi;Bìa mềm
37151792;Tủ Sách Gõ Cửa Tương Lai - Vút Bay Đến Bầu Trời Xanh Nước Anh - Tặng Kèm 1 Sổ Tay Thần Tượng EXO (Số Lượng Có Hạn);.;available;90000;0;90000;0;5.0;1;{'text': 'Đã bán 2', 'value': 2};tap_chi;
161245858;Tạp Chí Wowweekend Vol 5 - Những Câu Chuyện Thành Thị;;available;115000;12000;103000;10;0.0;0;;tap_chi;
188785956;Thiên Thần Nhỏ - Số 444+445;nhieu tac gia;available;22000;0;22000;0;0.0;0;;tap_chi;
192880081;Tuổi Trẻ Cuối Tuần số 29 phát hành ngày 31-7-2022;;available;14500;0;14500;0;0.0;0;{'text': 'Đã bán 1', 'value': 1};tap_chi;Bìa mềm
188473437;Thiên Thần Nhỏ - Số 442+443;nhieu tac gia;available;22000;0;22000;0;0.0;0;;tap_chi;
191909308;Graphics 02 - Draw The Lines ( kee Agency);KEE Agency;available;119000;0;119000;0;0.0;0;;tap_chi;Bìa mềm
160210318;Tuổi Trẻ Cuối Tuần số 4, phát hành ngày 21-01-2022;;available;14500;0;14500;0;5.0;2;{'text': 'Đã bán 13', 'value': 13};tap_chi;Bìa mềm
187621322;Combo sách Krishnamurti Nói Về Tình Yêu và Ma Trận Thần Thánh;J.Krishnamurti;available;267000;58740;208260;22;0.0;0;{'text': 'Đã bán 2', 'value': 2};tap_chi;Bìa mềm
117492428;"Tuổi Trẻ Cuối Tuần: Chủ đề ""Trẻ em & COVID-19"" (số 31 ngày 15/8/2021)";;available;14500;0;14500;0;5.0;4;{'text': 'Đã bán 25', 'value': 25};tap_chi;Bìa mềm
115789966;"Tuổi Trẻ Cuối Tuần: Chủ đề ""Chạy Đua Với Khủng Hoảng Kép"" (số 29 ngày 01/08/2021)";;available;14500;0;14500;0;5.0;3;{'text': 'Đã bán 24', 'value': 24};tap_chi;Bìa mềm
111692223;"Tuổi Trẻ cuối tuần: ""COVID-19: Hệ thống y tế không bị hạ gục” (Số 26 phát hành ngày 11-7-2021)";;available;14500;0;14500;0;5.0;3;{'text': 'Đã bán 19', 'value': 19};tap_chi;Bìa mềm
157824646;Hoa Học Trò Số 1373 + 1374 - Tặng Kèm Phụ Kiện My 2022 Book;nhieu tac gia;available;40000;2000;38000;5;0.0;0;{'text': 'Đã bán 7', 'value': 7};tap_chi;
174104148;Tuổi Trẻ Cuối Tuần số 13 phát hành ngày 10-4-2022;;available;14500;0;14500;0;0.0;0;{'text': 'Đã bán 6', 'value': 6};tap_chi;Bìa mềm
83921691; Tạp chí NỮ DOANH NHÂN số 135 phát hành tháng 01/2021;;available;115000;0;115000;0;0.0;0;{'text': 'Đã bán 2', 'value': 2};tap_chi;
136059673;Nhà Văn Và Cuộc Sống (Combo 3 số đầu tiên của Bộ Mới);Hội Nhà Văn;available;210000;0;210000;0;0.0;0;{'text': 'Đã bán 3', 'value': 3};tap_chi;Bìa mềm
134522804;Nhà Văn Và Cuộc Sống (số 1 + 2) Hội Nhà Văn Việt Nam;Hội Nhà Văn;available;140000;0;140000;0;0.0;0;{'text': 'Đã bán 2', 'value': 2};tap_chi;Bìa mềm
164574362;Tuổi Trẻ Cuối Tuần số 07 phát hành ngày 27-02-2022;;available;14500;0;14500;0;5.0;1;{'text': 'Đã bán 6', 'value': 6};tap_chi;Bìa mềm
117711995;Tạp chí Nhà Văn và Tác Phẩm số 41 tháng 5-6 năm 2020 (Hội Nhà Văn Việt Nam);;available;70000;0;70000;0;0.0;0;{'text': 'Đã bán 1', 'value': 1};tap_chi;Bìa mềm
83677626;Tạp chí NỮ DOANH NHÂN số 126 phát hành T7/2019;;available;115000;0;115000;0;0.0;0;;tap_chi;
171580758;Hoa Học Trò Số 1370;nhieu tac gia;available;20000;1000;19000;5;0.0;0;{'text': 'Đã bán 3', 'value': 3};tap_chi;
190231804;Tuổi Trẻ Cuối Tuần số 26 phát hành ngày 10-7-2022;;available;14500;0;14500;0;0.0;0;{'text': 'Đã bán 2', 'value': 2};tap_chi;Bìa mềm
150150340;Hoa Học Trò Số 1372 - Tặng Kèm Fan Note Horoscope Idol;nhieu tac gia;available;30000;1500;28500;5;5.0;4;{'text': 'Đã bán 13', 'value': 13};tap_chi;
166436905;Tuổi Trẻ Cuối Tuần số 08 phát hành ngày 06-3-2022;;available;14500;0;14500;0;5.0;1;{'text': 'Đã bán 7', 'value': 7};tap_chi;Bìa mềm
190827325;Thiên Thần Nhỏ - Số 446+447;nhieu tac gia;available;24000;1200;22800;5;0.0;0;{'text': 'Đã bán 1', 'value': 1};tap_chi;
136483066;Sách Hoa Học Trò - Số 1354 (Tặng kèm fanbook Horoscope Idol: Pisces, 2 mega-poster Suga (BTS) và Quân A.P);.;available;30000;0;30000;0;0.0;0;{'text': 'Đã bán 4', 'value': 4};tap_chi;Bìa mềm
80960056;Cá Koi - Tập 8;.;available;165000;8250;156750;5;0.0;0;{'text': 'Đã bán 2', 'value': 2};tap_chi;
58870550;Tạp chí Phụ nữ Mới số 42,43: Thời hạn của nỗi đau;;available;90000;0;90000;0;5.0;1;{'text': 'Đã bán 5', 'value': 5};tap_chi;Bìa cứng
113408338;"Tuổi Trẻ Cuối Tuần: Chủ đề ""KHÔNG ĐỂ AI BỊ ĐÓI"" (số 27 _18/7/2021)";;available;14500;0;14500;0;4.8;5;{'text': 'Đã bán 26', 'value': 26};tap_chi;
168558650;Tuổi Trẻ Cuối Tuần số 09 phát hành ngày 13-3-2022;;available;14500;0;14500;0;5.0;1;{'text': 'Đã bán 1', 'value': 1};tap_chi;Bìa mềm
193583513;Tuổi Trẻ Cuối Tuần số 30 phát hành ngày 07-8-2022;;available;14500;0;14500;0;0.0;0;{'text': 'Đã bán 2', 'value': 2};tap_chi;Bìa mềm
83679929; Tạp chí NỮ DOANH NHÂN số 130 phát hành T11/2019;;available;115000;0;115000;0;0.0;0;{'text': 'Đã bán 1', 'value': 1};tap_chi;
445654;Chuyện Nghề - Chuyện Người;.;available;110000;11000;99000;10;0.0;0;;tap_chi;Bìa mềm
82385116;Hoa Học Trò Số 1324 - Tặng Kèm Fanbook BEST OF US-UK 2019 + Lịch BTS Khổ Lớn;.;available;30000;1500;28500;5;5.0;3;{'text': 'Đã bán 9', 'value': 9};tap_chi;
186495798;Thiên Thần Nhỏ - Số 438+439;nhieu tac gia;available;22000;0;22000;0;0.0;0;;tap_chi;
105070556;Tuổi trẻ cuối tuần: EURO của trạng thái bình thường mới ( Số ngày 13/6/2021);;available;14500;0;14500;0;5.0;3;{'text': 'Đã bán 11', 'value': 11};tap_chi;
187757066;Tuổi Trẻ Cuối Tuần số 24 phát hành ngày 26-6-2022;;available;14500;0;14500;0;0.0;0;{'text': 'Đã bán 1', 'value': 1};tap_chi;Bìa mềm
108956822;Tạp Chí Wowweekend Vol 4 - Ấn Phẩm “Núi Rừng Việt Nam” 2020;.;available;85000;4250;80750;5;0.0;0;{'text': 'Đã bán 3', 'value': 3};tap_chi;
145750584;Tuổi Trẻ Cuối tuần số 47 phát hành ngày 05-12-2021;;available;14500;0;14500;0;0.0;0;{'text': 'Đã bán 3', 'value': 3};tap_chi;Bìa mềm
146226243;Thiên Thần Nhỏ - Số 412 + 413;.;available;24000;1200;22800;5;0.0;0;{'text': 'Đã bán 3', 'value': 3};tap_chi;
83677461;Tạp chí NỮ DOANH NHÂN số 123 phát hành T4/2019;;available;115000;0;115000;0;0.0;0;;tap_chi;
191800476;Tạp chí Kiến Trúc và Đời Sống bộ ba cuốn (từ tháng 10 đến tháng 12 năm 2020);;available;100000;0;100000;0;0.0;0;;tap_chi;Bìa mềm
173347817;Tuổi Trẻ Cuối Tuần số 12 phát hành ngày 03-4-2022;;available;14500;0;14500;0;0.0;0;{'text': 'Đã bán 3', 'value': 3};tap_chi;Bìa mềm
83677525;Tạp chí NỮ DOANH NHÂN số 124 phát hành T5/2019;;available;115000;0;115000;0;0.0;0;{'text': 'Đã bán 1', 'value': 1};tap_chi;
170254058;Tuổi Trẻ Cuối Tuần số 10 phát hành ngày 20-3-2022;;available;14500;0;14500;0;5.0;1;{'text': 'Đã bán 4', 'value': 4};tap_chi;Bìa mềm
118845894;Tuổi Trẻ Cuối tuần: chủ đề “Afghanistan: Đằng sau cuộc tháo chạy tán loạn” (số 32 ngày 22/8/2021);;available;14500;0;14500;0;5.0;3;{'text': 'Đã bán 19', 'value': 19};tap_chi;Bìa mềm
176522582;Thiên Thần Nhỏ - Số 434+435;nhieu tac gia;available;24000;1200;22800;5;0.0;0;;tap_chi;
83677968;Tạp chí NỮ DOANH NHÂN số 129 phát hành T10/2019;;available;115000;0;115000;0;0.0;0;{'text': 'Đã bán 2', 'value': 2};tap_chi;
187952665;Những Ngọn Đèn Thơm_SB;;available;88000;13200;74800;15;0.0;0;{'text': 'Đã bán 1', 'value': 1};tap_chi;Bìa mềm
186495746;Thiên Thần Nhỏ - Số 436+437;nhieu tac gia;available;22000;0;22000;0;0.0;0;{'text': 'Đã bán 1', 'value': 1};tap_chi;
531637;Báo Chí Việt Nam Từ Khởi Thủy Đến 1945;TS. Huỳnh Văn Tòng;available;115000;12000;103000;10;0.0;0;{'text': 'Đã bán 2', 'value': 2};tap_chi;Bìa mềm
158220412;Tuổi Trẻ Cuối Tuần số 03, phát hành ngày 16-01-2022;;available;14500;0;14500;0;5.0;3;{'text': 'Đã bán 12', 'value': 12};tap_chi;Bìa mềm
120471828;Cá Koi - Tập 5;.;available;165000;8250;156750;5;0.0;0;;tap_chi;
77627058;Tạp Chí Wowweekend Vol 2 - Xuân Canh Tý 2020;.;available;59000;2950;56050;5;0.0;0;{'text': 'Đã bán 1', 'value': 1};tap_chi;
139239949;Tuổi Trẻ Cuối Tuần số 44, phát hành ngày 14/11/2021;;available;14500;0;14500;0;0.0;0;{'text': 'Đã bán 4', 'value': 4};tap_chi;Bìa mềm
445656;Đời Nghệ Sĩ - Không Chỉ Có Ánh Hào Quang;.;available;260000;13000;247000;5;0.0;0;;tap_chi;Bìa mềm
161428597;Tuổi Trẻ Cuối Tuần số 5 phát hành ngày 13-2-2022;;available;14500;0;14500;0;5.0;2;{'text': 'Đã bán 9', 'value': 9};tap_chi;Bìa mềm
191417932;Graphics 01 - Connect The Dots ( KEE Agency);KEE Agency;available;119000;0;119000;0;0.0;0;;tap_chi;Bìa mềm
141317678;Tuổi Trẻ Cuối Tuần số 45 phát hành ngày 21-11-2021;;available;14500;0;14500;0;5.0;1;{'text': 'Đã bán 7', 'value': 7};tap_chi;Bìa mềm
120471717;Cá Koi - Tập 4;.;available;165000;8250;156750;5;0.0;0;;tap_chi;
122094847;"Tuổi Trẻ Cuối Tuần số 35 - chủ đề Sống chung với virus ""Con đường phía trước” (ngày 12/9/2021)";;available;14500;0;14500;0;5.0;3;{'text': 'Đã bán 18', 'value': 18};tap_chi;Bìa mềm
147784234;Tuổi Trẻ Cuối tuần số 48 phát hành ngày 12-12-2021;;available;14500;0;14500;0;0.0;0;{'text': 'Đã bán 3', 'value': 3};tap_chi;Bìa mềm
109610899;Tuổi trẻ cuối tuần: “Dĩ mộc trị độc”, chữa lành cho đất” (số 25 phát hành ngày 04-7-2021);;available;14500;0;14500;0;5.0;2;{'text': 'Đã bán 14', 'value': 14};tap_chi;Bìa mềm
83675701;Tạp chí NỮ DOANH NHÂN số 120-121 phát hành T1&2/2019;;available;62800;0;62800;0;0.0;0;;tap_chi;
107011807;Tuổi trẻ cuối tuần: Tầm nguyên vaccine ( Số 23-2021);;available;14500;0;14500;0;5.0;1;{'text': 'Đã bán 12', 'value': 12};tap_chi;
114731972;Tuổi Trẻ Cuối Tuần: Dịch Bệnh, Đô Thị & Quản Trị Rủi Ro (Số 28 ngay 25/7/2021);;available;14500;0;14500;0;5.0;4;{'text': 'Đã bán 25', 'value': 25};tap_chi;Bìa mềm
146274009;Cá Koi - Tập 10;.;available;165000;8250;156750;5;0.0;0;;tap_chi;
67930323;Tạp chí Phụ nữ Mới số 44,45: Chuyên đề MẮC KẸT;;available;90000;0;90000;0;5.0;1;{'text': 'Đã bán 3', 'value': 3};tap_chi;Bìa cứng
653860;Chuyện Đời Làm Báo;Minh Đức;available;50000;0;50000;0;0.0;0;{'text': 'Đã bán 2', 'value': 2};tap_chi;Bìa mềm
192951044;Cá Koi - Tập 13;nhieu tac gia;available;165000;8250;156750;5;0.0;0;;tap_chi;
109187068;Tuổi trẻ cuối tuần: Chống COVID-19 và tăng trưởng kinh tế - Mảnh ghép còn thiếu (Số 24-2021);;available;14500;0;14500;0;5.0;1;{'text': 'Đã bán 13', 'value': 13};tap_chi;
143779613;Tuổi Trẻ Cuối tuần số 46 phát hành ngày 28-11-2021;;available;14500;0;14500;0;0.0;0;{'text': 'Đã bán 2', 'value': 2};tap_chi;Bìa mềm
83677340;Tạp chí NỮ DOANH NHÂN số 122 phát hành T3/2019;;available;44900;0;44900;0;0.0;0;;tap_chi;
132293052;Tuổi Trẻ Cuối Tuần số 41 phát hành ngày 24/10/2021;;available;14500;0;14500;0;0.0;0;{'text': 'Đã bán 12', 'value': 12};tap_chi;Bìa mềm
149969343;Tuổi Trẻ Cuối tuần số 49 phát hành ngày 19-12-2021;;available;14500;0;14500;0;0.0;0;{'text': 'Đã bán 4', 'value': 4};tap_chi;Bìa mềm
191419976;Graphics (Tập 5) – Issue #05 – Exlore The Space ( KEE Agency);KEE Agency;available;159000;0;159000;0;0.0;0;;tap_chi;Bìa mềm
120471712;Cá Koi - Tập 3;.;available;165000;8250;156750;5;0.0;0;{'text': 'Đã bán 1', 'value': 1};tap_chi;
137551607;Tuổi Trẻ Cuối Tuần số 43 phát hành ngày 07/11/2021;;available;14500;0;14500;0;5.0;2;{'text': 'Đã bán 7', 'value': 7};tap_chi;Bìa mềm
121101864;"Tuổi Trẻ Cuối tuần_số 34 chủ đề “Cha mẹ & con cái trong đại dịch"" (ngày 05/9/2021)";;available;14500;0;14500;0;5.0;4;{'text': 'Đã bán 23', 'value': 23};tap_chi;Bìa mềm
101932148;Sách - Thánh Kinh Theo Coco Chanel;Karen Karbo;available;109000;0;109000;0;0.0;0;{'text': 'Đã bán 1', 'value': 1};tap_chi;
124029314;"Tuổi Trẻ cuối tuần với chủ đề: Trong mê hồn trận “app Covid"" (số 36 ngày 19/9/2021)";;available;14500;0;14500;0;5.0;2;{'text': 'Đã bán 18', 'value': 18};tap_chi;Bìa mềm
127901482;Tuổi Trẻ Cuối Tuần số 39 phát hành ngày 10/10/2021;;available;14500;0;14500;0;5.0;1;{'text': 'Đã bán 15', 'value': 15};tap_chi;Bìa mềm
152425202;Tuổi Trẻ Cuối Tuần số 50 phát hành ngày 26-12-2021;;available;14500;0;14500;0;5.0;1;{'text': 'Đã bán 13', 'value': 13};tap_chi;Bìa mềm
120033741;Tuổi Trẻ Cuối tuần: chủ đề “Tiểu học thời COVID” (Số 33 ngày 29/8/2021);;available;14500;0;14500;0;5.0;3;{'text': 'Đã bán 20', 'value': 20};tap_chi;Bìa mềm
125339884;Tuổi Trẻ Cuối tuần số 37_chủ đề “Hậu đại dịch: Tìm lao động ở đâu” (ngày 26/9/2021) ;;available;14500;0;14500;0;5.0;3;{'text': 'Đã bán 19', 'value': 19};tap_chi;Bìa mềm
77222093;Sách - Người truyền ký ức (TB 2020) - Giải thưởng Boston Globe-Horn Book (tặng kèm bookmark thiết kế);Lois Lowry;available;80000;0;80000;0;0.0;0;;tap_chi;
191411311;Graphics (Tập 4) – Issue #04 - ( VN);KEE Agency;available;169000;0;169000;0;0.0;0;;tap_chi;Bìa mềm
120471519;Cá Koi - Tập 2;.;available;165000;8250;156750;5;0.0;0;{'text': 'Đã bán 1', 'value': 1};tap_chi;
3240609;Tạp Chí Đồng Hành Số 22;Hoàng Mạnh Hà;available;26000;0;26000;0;0.0;0;{'text': 'Đã bán 4', 'value': 4};tap_chi;Bìa mềm
143917388;Sách - Gelsomino ở xứ sở nói dối;;available;51000;0;51000;0;0.0;0;;tap_chi;
130286690;Tuổi Trẻ Cuối tuần số 40 phát hành ngày 17/10/2021;;available;14500;0;14500;0;0.0;0;{'text': 'Đã bán 8', 'value': 8};tap_chi;Bìa mềm
2800009;Tạp Chí Đồng Hành Số 13;Hoàng Mạnh Hà;available;26000;0;26000;0;0.0;0;{'text': 'Đã bán 7', 'value': 7};tap_chi;Bìa mềm
115254304;Sách - Bất Ngờ Lớn Về Chất Béo;;available;111199;0;111199;0;0.0;0;;tap_chi;
2686431;Tạp Chí Đồng Hành Số 20;Hoàng Mạnh Hà;available;26000;0;26000;0;0.0;0;{'text': 'Đã bán 4', 'value': 4};tap_chi;Bìa mềm
116695509;"Tuổi Trẻ Cuối Tuần: Chủ đề ""Giữa hiệu suất và công bằng” (Số 30 ngày 8/8/2021)";;available;14500;0;14500;0;5.0;3;{'text': 'Đã bán 22', 'value': 22};tap_chi;Bìa mềm
173911170;Cá Koi - Tập 12;nhieu tac gia;available;165000;8250;156750;5;0.0;0;{'text': 'Đã bán 1', 'value': 1};tap_chi;
191413186;Graphics (Tập 3) – Issue #03 – Define The Shapes - ( VN);KEE Agency;available;169000;0;169000;0;0.0;0;;tap_chi;Bìa mềm
160836735;Cá Koi - Tập 11;nhieu tac gia;available;165000;8250;156750;5;0.0;0;{'text': 'Đã bán 1', 'value': 1};tap_chi;
192164827;Tạp chí ELLE tháng 7/2022;;available;65000;0;65000;0;0.0;0;;tap_chi;Bìa mềm
195472192;Fake News & Chống Fake News - Vì Sao Cái Giả Hấp Dẫn Hơn Cái Thật?;Đỗ Đình Tấn;available;111600;0;111600;0;0.0;0;;tap_chi;
194086775;Thiên Thần Nhỏ - Số 450+451;nhieu tac gia;available;21600;0;21600;0;0.0;0;;tap_chi;
193601346;WOWWEEKEND CUISINE Vol1 - TRẢI NGHIỆM TINH HOA ẨM THỰC;;available;115000;0;115000;0;0.0;0;;tap_chi;Bìa mềm
194195185;Tuổi Trẻ Cuối Tuần số 31 phát hành ngày 14-8-2022;;available;14500;0;14500;0;0.0;0;;tap_chi;Bìa mềm
194788131;Báo Tuổi Trẻ Cười số 15 phát hành ngày 15-8-2022;;available;14500;0;14500;0;0.0;0;;tap_chi;Bìa mềm
